# Blender 5.0.1
# www.blender.org
mtllib Rainha.mtl
o Círculo
v 0.000000 0.000000 0.445708
v 0.086953 0.000000 0.437143
v 0.170565 0.000000 0.411780
v 0.247622 0.000000 0.370592
v 0.315163 0.000000 0.315163
v 0.370592 0.000000 0.247622
v 0.411780 0.000000 0.170565
v 0.437143 0.000000 0.086953
v 0.445708 0.000000 0.000000
v 0.437143 0.000000 -0.086953
v 0.411780 0.000000 -0.170565
v 0.370592 0.000000 -0.247622
v 0.315163 0.000000 -0.315163
v 0.247622 0.000000 -0.370592
v 0.170565 0.000000 -0.411780
v 0.086953 0.000000 -0.437143
v 0.000000 0.000000 -0.445708
v -0.086953 0.000000 -0.437143
v -0.170565 0.000000 -0.411780
v -0.247622 0.000000 -0.370592
v -0.315163 0.000000 -0.315163
v -0.370592 0.000000 -0.247622
v -0.411780 0.000000 -0.170565
v -0.437143 0.000000 -0.086953
v -0.445708 0.000000 0.000000
v -0.437143 0.000000 0.086953
v -0.411780 0.000000 0.170565
v -0.370592 0.000000 0.247622
v -0.315163 0.000000 0.315163
v -0.247622 0.000000 0.370592
v -0.170565 0.000000 0.411780
v -0.086953 0.000000 0.437143
v 0.000000 0.000000 0.445708
v 0.086953 0.000000 0.437143
v 0.170565 0.000000 0.411780
v 0.247622 0.000000 0.370592
v 0.315163 0.000000 0.315163
v 0.370592 0.000000 0.247622
v 0.411780 0.000000 0.170565
v 0.437143 0.000000 0.086953
v 0.445708 0.000000 0.000000
v 0.437143 0.000000 -0.086953
v 0.411780 0.000000 -0.170565
v 0.370592 0.000000 -0.247622
v 0.315163 0.000000 -0.315163
v 0.247622 0.000000 -0.370592
v 0.170565 0.000000 -0.411780
v 0.086953 0.000000 -0.437143
v 0.000000 0.000000 -0.445708
v -0.086953 0.000000 -0.437143
v -0.170565 0.000000 -0.411780
v -0.247622 0.000000 -0.370592
v -0.315163 0.000000 -0.315163
v -0.370592 0.000000 -0.247622
v -0.411780 0.000000 -0.170565
v -0.437143 0.000000 -0.086953
v -0.445708 0.000000 0.000000
v -0.437143 0.000000 0.086953
v -0.411780 0.000000 0.170565
v -0.370592 0.000000 0.247622
v -0.315163 0.000000 0.315163
v -0.247622 0.000000 0.370592
v -0.170565 0.000000 0.411780
v -0.086953 0.000000 0.437143
v 0.000820 0.146879 0.430704
v 0.084852 0.146879 0.422428
v 0.165654 0.146879 0.397917
v 0.240122 0.146879 0.358113
v 0.305393 0.146879 0.304546
v 0.358960 0.146879 0.239274
v 0.398764 0.146879 0.164806
v 0.423275 0.146879 0.084004
v 0.431552 0.146879 -0.000028
v 0.423275 0.146879 -0.084059
v 0.398764 0.146879 -0.164862
v 0.358960 0.146879 -0.239329
v 0.305393 0.146879 -0.304601
v 0.240122 0.146879 -0.358168
v 0.165654 0.146879 -0.397972
v 0.084852 0.146879 -0.422483
v 0.000820 0.146879 -0.430760
v -0.083212 0.146879 -0.422483
v -0.164014 0.146879 -0.397972
v -0.238482 0.146879 -0.358168
v -0.303754 0.146879 -0.304601
v -0.357321 0.146879 -0.239329
v -0.397125 0.146879 -0.164862
v -0.421636 0.146879 -0.084059
v -0.429912 0.146879 -0.000028
v -0.421636 0.146879 0.084004
v -0.397125 0.146879 0.164806
v -0.357321 0.146879 0.239274
v -0.303754 0.146879 0.304546
v -0.238482 0.146879 0.358113
v -0.164014 0.146879 0.397917
v -0.083212 0.146879 0.422428
v 0.000820 0.146879 0.430704
v 0.084852 0.146879 0.422428
v 0.165654 0.146879 0.397917
v 0.240122 0.146879 0.358113
v 0.305393 0.146879 0.304546
v 0.358960 0.146879 0.239274
v 0.398764 0.146879 0.164806
v 0.423275 0.146879 0.084004
v 0.431552 0.146879 -0.000028
v 0.423275 0.146879 -0.084059
v 0.398764 0.146879 -0.164862
v 0.358960 0.146879 -0.239329
v 0.305393 0.146879 -0.304601
v 0.240122 0.146879 -0.358168
v 0.165654 0.146879 -0.397972
v 0.084852 0.146879 -0.422483
v 0.000820 0.146879 -0.430760
v -0.083212 0.146879 -0.422483
v -0.164014 0.146879 -0.397972
v -0.238482 0.146879 -0.358168
v -0.303754 0.146879 -0.304601
v -0.357321 0.146879 -0.239329
v -0.397125 0.146879 -0.164862
v -0.421636 0.146879 -0.084059
v -0.429912 0.146879 -0.000028
v -0.421636 0.146879 0.084004
v -0.397125 0.146879 0.164806
v -0.357321 0.146879 0.239274
v -0.303754 0.146879 0.304546
v -0.238482 0.146879 0.358113
v -0.164014 0.146879 0.397917
v -0.083212 0.146879 0.422428
v 0.000000 0.000000 0.445708
v 0.086953 0.000000 0.437143
v 0.170565 0.000000 0.411780
v 0.247622 0.000000 0.370592
v 0.315163 0.000000 0.315163
v 0.370592 0.000000 0.247622
v 0.411780 0.000000 0.170565
v 0.437143 0.000000 0.086953
v 0.445708 0.000000 0.000000
v 0.437143 0.000000 -0.086953
v 0.411780 0.000000 -0.170565
v 0.370592 0.000000 -0.247622
v 0.315163 0.000000 -0.315163
v 0.247622 0.000000 -0.370592
v 0.170565 0.000000 -0.411780
v 0.086953 0.000000 -0.437143
v 0.000000 0.000000 -0.445708
v -0.086953 0.000000 -0.437143
v -0.170565 0.000000 -0.411780
v -0.247622 0.000000 -0.370592
v -0.315163 0.000000 -0.315163
v -0.370592 0.000000 -0.247622
v -0.411780 0.000000 -0.170565
v -0.437143 0.000000 -0.086953
v -0.445708 0.000000 0.000000
v -0.437143 0.000000 0.086953
v -0.411780 0.000000 0.170565
v -0.370592 0.000000 0.247622
v -0.315163 0.000000 0.315163
v -0.247622 0.000000 0.370592
v -0.170565 0.000000 0.411780
v -0.086953 0.000000 0.437143
v 0.000820 0.146879 0.430704
v 0.084852 0.146879 0.422428
v 0.165654 0.146879 0.397917
v 0.240122 0.146879 0.358113
v 0.305393 0.146879 0.304546
v 0.358960 0.146879 0.239274
v 0.398764 0.146879 0.164806
v 0.423275 0.146879 0.084004
v 0.431552 0.146879 -0.000028
v 0.423275 0.146879 -0.084059
v 0.398764 0.146879 -0.164862
v 0.358960 0.146879 -0.239329
v 0.305393 0.146879 -0.304601
v 0.240122 0.146879 -0.358168
v 0.165654 0.146879 -0.397972
v 0.084852 0.146879 -0.422483
v 0.000820 0.146879 -0.430760
v -0.083212 0.146879 -0.422483
v -0.164014 0.146879 -0.397972
v -0.238482 0.146879 -0.358168
v -0.303754 0.146879 -0.304601
v -0.357321 0.146879 -0.239329
v -0.397125 0.146879 -0.164862
v -0.421636 0.146879 -0.084059
v -0.429912 0.146879 -0.000028
v -0.421636 0.146879 0.084004
v -0.397125 0.146879 0.164806
v -0.357321 0.146879 0.239274
v -0.303754 0.146879 0.304546
v -0.238482 0.146879 0.358113
v -0.164014 0.146879 0.397917
v -0.083212 0.146879 0.422428
v 0.000000 0.000000 0.445708
v 0.086953 0.000000 0.437143
v 0.170565 0.000000 0.411780
v 0.247622 0.000000 0.370592
v 0.315163 0.000000 0.315163
v 0.370592 0.000000 0.247622
v 0.411780 0.000000 0.170565
v 0.437143 0.000000 0.086953
v 0.445708 0.000000 0.000000
v 0.437143 0.000000 -0.086953
v 0.411780 0.000000 -0.170565
v 0.370592 0.000000 -0.247622
v 0.315163 0.000000 -0.315163
v 0.247622 0.000000 -0.370592
v 0.170565 0.000000 -0.411780
v 0.086953 0.000000 -0.437143
v 0.000000 0.000000 -0.445708
v -0.086953 0.000000 -0.437143
v -0.170565 0.000000 -0.411780
v -0.247622 0.000000 -0.370592
v -0.315163 0.000000 -0.315163
v -0.370592 0.000000 -0.247622
v -0.411780 0.000000 -0.170565
v -0.437143 0.000000 -0.086953
v -0.445708 0.000000 0.000000
v -0.437143 0.000000 0.086953
v -0.411780 0.000000 0.170565
v -0.370592 0.000000 0.247622
v -0.315163 0.000000 0.315163
v -0.239491 0.005727 0.362958
v -0.170565 0.000000 0.411780
v -0.086953 0.000000 0.437143
v 0.000820 0.146879 0.430704
v 0.084852 0.146879 0.422428
v 0.165654 0.146879 0.397917
v 0.240122 0.146879 0.358113
v 0.305393 0.146879 0.304546
v 0.358960 0.146879 0.239274
v 0.398764 0.146879 0.164806
v 0.423275 0.146879 0.084004
v 0.431552 0.146879 -0.000028
v 0.423275 0.146879 -0.084059
v 0.398764 0.146879 -0.164862
v 0.358960 0.146879 -0.239329
v 0.305393 0.146879 -0.304601
v 0.240122 0.146879 -0.358168
v 0.165654 0.146879 -0.397972
v 0.084852 0.146879 -0.422483
v 0.000820 0.146879 -0.430760
v -0.083212 0.146879 -0.422483
v -0.164014 0.146879 -0.397972
v -0.238482 0.146879 -0.358168
v -0.303754 0.146879 -0.304601
v -0.357321 0.146879 -0.239329
v -0.397125 0.146879 -0.164862
v -0.421636 0.146879 -0.084059
v -0.429912 0.146879 -0.000028
v -0.421636 0.146879 0.084004
v -0.397125 0.146879 0.164806
v -0.357321 0.146879 0.239274
v -0.303754 0.146879 0.304546
v -0.238482 0.146879 0.358113
v -0.195205 0.146391 0.400976
v -0.083212 0.146879 0.422428
v 0.423692 0.150593 -0.087855
v 0.000820 0.146879 0.430704
v 0.084852 0.146879 0.422428
v 0.165654 0.146879 0.397917
v 0.240122 0.146879 0.358113
v 0.305393 0.146879 0.304546
v 0.358960 0.146879 0.239274
v 0.398764 0.146879 0.164806
v 0.423275 0.146879 0.084004
v 0.431552 0.146879 -0.000028
v 0.423275 0.146879 -0.084059
v 0.398764 0.146879 -0.164862
v 0.358960 0.146879 -0.239329
v 0.305393 0.146879 -0.304601
v 0.240122 0.146879 -0.358168
v 0.165654 0.146879 -0.397972
v 0.084852 0.146879 -0.422483
v 0.000820 0.146879 -0.430760
v -0.083212 0.146879 -0.422483
v -0.164014 0.146879 -0.397972
v -0.238482 0.146879 -0.358168
v -0.303754 0.146879 -0.304601
v -0.357321 0.146879 -0.239329
v -0.397125 0.146879 -0.164862
v -0.421636 0.146879 -0.084059
v -0.429912 0.146879 -0.000028
v -0.421636 0.146879 0.084004
v -0.397125 0.146879 0.164806
v -0.357321 0.146879 0.239274
v -0.303754 0.146879 0.304546
v -0.238482 0.146879 0.358113
v -0.169036 0.139678 0.373606
v -0.083212 0.146879 0.422428
v 0.423692 0.150593 -0.087855
v 0.004095 0.274938 0.368231
v 0.076023 0.274938 0.361147
v 0.145186 0.274938 0.340166
v 0.208928 0.274938 0.306095
v 0.264798 0.274938 0.260244
v 0.310649 0.274938 0.204374
v 0.344720 0.274938 0.140633
v 0.365700 0.274938 0.071469
v 0.372785 0.274938 -0.000459
v 0.365700 0.274938 -0.072387
v 0.344720 0.274938 -0.141550
v 0.310649 0.274938 -0.205292
v 0.264798 0.274938 -0.261162
v 0.208928 0.274938 -0.307013
v 0.145186 0.274938 -0.341084
v 0.076023 0.274938 -0.362064
v 0.004095 0.274938 -0.369149
v -0.067833 0.274938 -0.362064
v -0.136997 0.274938 -0.341084
v -0.200738 0.274938 -0.307013
v -0.256608 0.274938 -0.261162
v -0.302459 0.274938 -0.205292
v -0.336530 0.274938 -0.141550
v -0.357511 0.274938 -0.072387
v -0.364595 0.274938 -0.000459
v -0.357511 0.274938 0.071469
v -0.336530 0.274938 0.140633
v -0.302459 0.274938 0.204374
v -0.256608 0.274938 0.260244
v -0.200738 0.274938 0.306095
v -0.136997 0.274938 0.340166
v -0.067833 0.274938 0.361147
v 0.366057 0.278117 -0.075635
v 0.008220 0.357819 0.251939
v 0.058335 0.357819 0.247003
v 0.106525 0.357819 0.232385
v 0.150937 0.357819 0.208647
v 0.189864 0.357819 0.176700
v 0.221811 0.357819 0.137772
v 0.245550 0.357819 0.093361
v 0.260168 0.357819 0.045171
v 0.265104 0.357819 -0.004945
v 0.260168 0.357819 -0.055060
v 0.245550 0.357819 -0.103250
v 0.221811 0.357819 -0.147662
v 0.189864 0.357819 -0.186589
v 0.150937 0.357819 -0.218536
v 0.106525 0.357819 -0.242275
v 0.058335 0.357819 -0.256893
v 0.008220 0.357819 -0.261829
v -0.041896 0.357819 -0.256893
v -0.090085 0.357819 -0.242275
v -0.134497 0.357819 -0.218536
v -0.173425 0.357819 -0.186589
v -0.205372 0.357819 -0.147662
v -0.229110 0.357819 -0.103250
v -0.243728 0.357819 -0.055060
v -0.248664 0.357819 -0.004945
v -0.243728 0.357819 0.045171
v -0.229110 0.357819 0.093361
v -0.205372 0.357819 0.137772
v -0.173425 0.357819 0.176700
v -0.134497 0.357819 0.208647
v -0.090085 0.357819 0.232385
v -0.041896 0.357819 0.247003
v 0.260417 0.360033 -0.057324
v 0.008220 0.357819 0.251939
v 0.058335 0.357819 0.247003
v 0.106525 0.357819 0.232385
v 0.150937 0.357819 0.208647
v 0.189864 0.357819 0.176700
v 0.221811 0.357819 0.137772
v 0.245550 0.357819 0.093361
v 0.260168 0.357819 0.045171
v 0.265104 0.357819 -0.004945
v 0.260168 0.357819 -0.055060
v 0.245550 0.357819 -0.103250
v 0.221811 0.357819 -0.147662
v 0.189864 0.357819 -0.186589
v 0.150937 0.357819 -0.218536
v 0.106525 0.357819 -0.242275
v 0.058335 0.357819 -0.256893
v 0.008220 0.357819 -0.261829
v -0.041896 0.357819 -0.256893
v -0.090085 0.357819 -0.242275
v -0.134497 0.357819 -0.218536
v -0.173425 0.357819 -0.186589
v -0.205372 0.357819 -0.147662
v -0.229110 0.357819 -0.103250
v -0.243728 0.357819 -0.055060
v -0.248664 0.357819 -0.004945
v -0.243728 0.357819 0.045171
v -0.229110 0.357819 0.093361
v -0.205372 0.357819 0.137772
v -0.173425 0.357819 0.176700
v -0.134497 0.357819 0.208647
v -0.090085 0.357819 0.232385
v -0.041896 0.357819 0.247003
v 0.260417 0.360033 -0.057324
v 0.016001 0.670429 0.122737
v 0.039628 0.670429 0.120410
v 0.062347 0.670429 0.113518
v 0.083286 0.670429 0.102326
v 0.101638 0.670429 0.087265
v 0.116700 0.670429 0.068912
v 0.127891 0.670429 0.047974
v 0.134783 0.670429 0.025255
v 0.137110 0.670429 0.001627
v 0.134783 0.670429 -0.022000
v 0.127891 0.670429 -0.044719
v 0.116700 0.670429 -0.065657
v 0.101638 0.670429 -0.084010
v 0.083286 0.670429 -0.099071
v 0.062347 0.670429 -0.110263
v 0.039628 0.670429 -0.117155
v 0.016001 0.670429 -0.119482
v -0.007627 0.670429 -0.117155
v -0.030346 0.670429 -0.110263
v -0.051284 0.670429 -0.099071
v -0.069637 0.670429 -0.084010
v -0.084698 0.670429 -0.065657
v -0.095890 0.670429 -0.044719
v -0.102782 0.670429 -0.022000
v -0.105109 0.670429 0.001627
v -0.102782 0.670429 0.025255
v -0.095890 0.670429 0.047974
v -0.084698 0.670429 0.068912
v -0.069637 0.670429 0.087265
v -0.051284 0.670429 0.102326
v -0.030346 0.670429 0.113518
v -0.007627 0.670429 0.120410
v 0.134900 0.671473 -0.023067
v 0.019490 0.949110 0.133925
v 0.043117 0.949110 0.131598
v 0.065837 0.949110 0.124706
v 0.086775 0.949110 0.113514
v 0.105128 0.949110 0.098453
v 0.120189 0.949110 0.080100
v 0.131381 0.949110 0.059162
v 0.138273 0.949110 0.036443
v 0.140600 0.949110 0.012815
v 0.138273 0.949110 -0.010812
v 0.131381 0.949110 -0.033531
v 0.120189 0.949110 -0.054469
v 0.105128 0.949110 -0.072822
v 0.086775 0.949110 -0.087883
v 0.065837 0.949110 -0.099075
v 0.043117 0.949110 -0.105967
v 0.019490 0.949110 -0.108294
v -0.004137 0.949110 -0.105967
v -0.026856 0.949110 -0.099075
v -0.047795 0.949110 -0.087883
v -0.066147 0.949110 -0.072822
v -0.081209 0.949110 -0.054469
v -0.092401 0.949110 -0.033531
v -0.099292 0.949110 -0.010812
v -0.101619 0.949110 0.012815
v -0.099292 0.949110 0.036443
v -0.092401 0.949110 0.059162
v -0.081209 0.949110 0.080100
v -0.066147 0.949110 0.098453
v -0.047795 0.949110 0.113514
v -0.026856 0.949110 0.124706
v -0.004137 0.949110 0.131598
v 0.138390 0.950154 -0.011879
v 0.016399 0.949083 0.238457
v 0.060295 0.949083 0.234134
v 0.102503 0.949083 0.221330
v 0.141402 0.949083 0.200538
v 0.175498 0.949083 0.172556
v 0.203480 0.949083 0.138460
v 0.224272 0.949083 0.099561
v 0.237076 0.949083 0.057353
v 0.241399 0.949083 0.013457
v 0.237076 0.949083 -0.030438
v 0.224272 0.949083 -0.072646
v 0.203480 0.949083 -0.111546
v 0.175498 0.949083 -0.145641
v 0.141402 0.949083 -0.173623
v 0.102503 0.949083 -0.194415
v 0.060295 0.949083 -0.207219
v 0.016399 0.949083 -0.211542
v -0.027496 0.949083 -0.207219
v -0.069704 0.949083 -0.194415
v -0.108604 0.949083 -0.173623
v -0.142699 0.949083 -0.145641
v -0.170681 0.949083 -0.111546
v -0.191473 0.949083 -0.072646
v -0.204277 0.949083 -0.030438
v -0.208600 0.949083 0.013457
v -0.204277 0.949083 0.057353
v -0.191473 0.949083 0.099561
v -0.170681 0.949083 0.138460
v -0.142699 0.949083 0.172556
v -0.108604 0.949083 0.200538
v -0.069704 0.949083 0.221330
v -0.027496 0.949083 0.234134
v 0.237293 0.951022 -0.032420
v 0.017997 1.080891 0.242172
v 0.061892 1.080891 0.237848
v 0.104101 1.080891 0.225045
v 0.143000 1.080891 0.204252
v 0.177096 1.080891 0.176271
v 0.205077 1.080891 0.142175
v 0.225869 1.080891 0.103276
v 0.238673 1.080891 0.061067
v 0.242996 1.080891 0.017172
v 0.238673 1.080891 -0.026723
v 0.225869 1.080891 -0.068931
v 0.205077 1.080891 -0.107831
v 0.177096 1.080891 -0.141927
v 0.143000 1.080891 -0.169908
v 0.104101 1.080891 -0.190700
v 0.061892 1.080891 -0.203504
v 0.017997 1.080891 -0.207827
v -0.025898 1.080891 -0.203504
v -0.068107 1.080891 -0.190700
v -0.107006 1.080891 -0.169908
v -0.141102 1.080891 -0.141927
v -0.169083 1.080891 -0.107831
v -0.189876 1.080891 -0.068931
v -0.202679 1.080891 -0.026723
v -0.207003 1.080891 0.017172
v -0.202679 1.080891 0.061067
v -0.189876 1.080891 0.103276
v -0.169083 1.080891 0.142175
v -0.141102 1.080891 0.176271
v -0.107006 1.080891 0.204252
v -0.068107 1.080891 0.225045
v -0.025898 1.080891 0.237848
v 0.238891 1.082831 -0.028706
v 0.017331 1.250334 0.352720
v 0.080483 1.250334 0.346500
v 0.141209 1.250334 0.328079
v 0.197174 1.250334 0.298165
v 0.246228 1.250334 0.257908
v 0.286485 1.250334 0.208854
v 0.316399 1.250334 0.152889
v 0.334820 1.250334 0.092163
v 0.341040 1.250334 0.029011
v 0.334820 1.250334 -0.034142
v 0.316399 1.250334 -0.094867
v 0.286485 1.250334 -0.150833
v 0.246228 1.250334 -0.199886
v 0.197174 1.250334 -0.240144
v 0.141209 1.250334 -0.270058
v 0.080483 1.250334 -0.288479
v 0.017331 1.250334 -0.294699
v -0.045822 1.250334 -0.288479
v -0.106548 1.250334 -0.270058
v -0.162513 1.250334 -0.240144
v -0.211567 1.250334 -0.199886
v -0.251824 1.250334 -0.150833
v -0.281738 1.250334 -0.094867
v -0.300159 1.250334 -0.034142
v -0.306379 1.250334 0.029011
v -0.300159 1.250334 0.092163
v -0.281738 1.250334 0.152889
v -0.251824 1.250334 0.208854
v -0.211567 1.250334 0.257908
v -0.162513 1.250334 0.298165
v -0.106548 1.250334 0.328079
v -0.045822 1.250334 0.346500
v 0.335133 1.253124 -0.036994
v 0.017331 1.250334 0.352720
v 0.080483 1.250334 0.346500
v 0.141209 1.250334 0.328079
v 0.197174 1.250334 0.298165
v 0.246228 1.250334 0.257908
v 0.286485 1.250334 0.208854
v 0.316399 1.250334 0.152889
v 0.334820 1.250334 0.092163
v 0.341040 1.250334 0.029011
v 0.334820 1.250334 -0.034142
v 0.316399 1.250334 -0.094867
v 0.286485 1.250334 -0.150833
v 0.246228 1.250334 -0.199886
v 0.197174 1.250334 -0.240144
v 0.141209 1.250334 -0.270058
v 0.080483 1.250334 -0.288479
v 0.017331 1.250334 -0.294699
v -0.045822 1.250334 -0.288479
v -0.106548 1.250334 -0.270058
v -0.162513 1.250334 -0.240144
v -0.211567 1.250334 -0.199886
v -0.251824 1.250334 -0.150833
v -0.281738 1.250334 -0.094867
v -0.165358 1.220088 -0.077278
v -0.306379 1.250334 0.029011
v -0.300159 1.250334 0.092163
v -0.281738 1.250334 0.152889
v -0.251824 1.250334 0.208854
v -0.211567 1.250334 0.257908
v -0.162513 1.250334 0.298165
v -0.106548 1.250334 0.328079
v -0.045822 1.250334 0.346500
v 0.335133 1.253124 -0.036994
v 0.014207 1.336914 0.499071
v 0.105012 1.336914 0.490128
v 0.192328 1.336914 0.463641
v 0.272799 1.336914 0.420628
v 0.343332 1.336914 0.362743
v 0.401217 1.336914 0.292210
v 0.444229 1.336914 0.211740
v 0.470716 1.336914 0.124424
v 0.479660 1.336914 0.033618
v 0.470716 1.336914 -0.057187
v 0.444229 1.336914 -0.144503
v 0.401217 1.336914 -0.224973
v 0.343332 1.336914 -0.295507
v 0.272799 1.336914 -0.353392
v 0.192328 1.336914 -0.396404
v 0.105012 1.336914 -0.422891
v 0.014207 1.336914 -0.431835
v -0.076599 1.336914 -0.422891
v -0.163914 1.336914 -0.396404
v -0.244385 1.336914 -0.353392
v -0.314918 1.336914 -0.295507
v -0.372803 1.336914 -0.224973
v -0.415816 1.336914 -0.144503
v -0.421537 1.316750 -0.112083
v -0.451246 1.336914 0.033618
v -0.442303 1.336914 0.124424
v -0.415816 1.336914 0.211740
v -0.372803 1.336914 0.292210
v -0.314918 1.336914 0.362743
v -0.244385 1.336914 0.420628
v -0.163914 1.336914 0.463641
v -0.076599 1.336914 0.490128
v 0.471167 1.340926 -0.061288
v -0.009703 1.456475 0.151953
v 0.012450 1.456475 0.149771
v 0.033751 1.456475 0.143309
v 0.053383 1.456475 0.132816
v 0.070590 1.456475 0.118694
v 0.084712 1.456475 0.101487
v 0.095205 1.456475 0.081855
v 0.101667 1.456475 0.060554
v 0.103848 1.456475 0.038401
v 0.101667 1.456475 0.016248
v 0.095205 1.456475 -0.005053
v 0.084712 1.456475 -0.024685
v 0.070590 1.456475 -0.041892
v 0.053383 1.456475 -0.056013
v 0.033751 1.456475 -0.066507
v 0.012450 1.456475 -0.072968
v -0.009703 1.456475 -0.075150
v -0.031856 1.456475 -0.072968
v -0.053157 1.456475 -0.066507
v -0.072789 1.456475 -0.056013
v -0.089996 1.456475 -0.041892
v -0.104117 1.456475 -0.024685
v -0.114611 1.456475 -0.005053
v -0.121072 1.456475 0.016248
v -0.123254 1.456475 0.038401
v -0.121072 1.456475 0.060554
v -0.114611 1.456475 0.081855
v -0.104117 1.456475 0.101487
v -0.089996 1.456475 0.118694
v -0.072789 1.456475 0.132816
v -0.053157 1.456475 0.143309
v -0.031856 1.456475 0.149771
v 0.101776 1.457454 0.015248
v -0.011117 1.700671 0.026451
v -0.011117 1.674739 -0.059036
v -0.011117 1.632286 -0.101489
v -0.011117 1.576818 -0.124464
v -0.011117 1.546800 -0.127421
v -0.011117 1.516781 -0.124464
v -0.011117 1.461313 -0.101489
v -0.011117 1.392928 0.026451
v -0.004558 1.697714 -0.002991
v 0.001749 1.688958 -0.031302
v 0.007562 1.674739 -0.057393
v 0.012657 1.655603 -0.080262
v 0.016838 1.632286 -0.099030
v 0.019945 1.605684 -0.112976
v 0.021858 1.576818 -0.121564
v 0.022504 1.546800 -0.124464
v 0.021858 1.516781 -0.121564
v 0.019945 1.487916 -0.112976
v 0.016838 1.461313 -0.099030
v 0.012657 1.437996 -0.080262
v 0.007562 1.418860 -0.057393
v 0.001749 1.404641 -0.031302
v -0.004558 1.395885 -0.002991
v 0.001749 1.697714 -0.001283
v 0.014121 1.688958 -0.027951
v 0.025523 1.674739 -0.052528
v 0.035516 1.655603 -0.074071
v 0.043718 1.632286 -0.091750
v 0.049812 1.605684 -0.104887
v 0.053565 1.576818 -0.112976
v 0.054832 1.546800 -0.115708
v 0.053565 1.516781 -0.112976
v 0.049812 1.487916 -0.104887
v 0.043718 1.461313 -0.091750
v 0.035516 1.437996 -0.074071
v 0.025523 1.418860 -0.052528
v 0.014121 1.404641 -0.027951
v 0.001749 1.395885 -0.001283
v 0.007562 1.697714 0.001491
v 0.025523 1.688958 -0.022510
v 0.042075 1.674739 -0.044629
v 0.056584 1.655603 -0.064016
v 0.068491 1.632286 -0.079927
v 0.077339 1.605684 -0.091750
v 0.082787 1.576818 -0.099030
v 0.084627 1.546800 -0.101488
v 0.082787 1.516781 -0.099030
v 0.077339 1.487916 -0.091750
v 0.068491 1.461313 -0.079927
v 0.056584 1.437996 -0.064016
v 0.042075 1.418860 -0.044629
v 0.025523 1.404641 -0.022510
v 0.007562 1.395885 0.001491
v 0.012657 1.697714 0.005224
v 0.035516 1.688958 -0.015187
v 0.056584 1.674739 -0.033997
v 0.075050 1.655603 -0.050485
v 0.090205 1.632286 -0.064016
v 0.101466 1.605684 -0.074071
v 0.108400 1.576818 -0.080262
v 0.110742 1.546800 -0.082353
v 0.108400 1.516781 -0.080262
v 0.101466 1.487916 -0.074071
v 0.090205 1.461313 -0.064016
v 0.075050 1.437996 -0.050485
v 0.056584 1.418860 -0.033997
v 0.035516 1.404641 -0.015187
v 0.012657 1.395885 0.005224
v 0.016838 1.697714 0.009773
v 0.043718 1.688958 -0.006264
v 0.068491 1.674739 -0.021043
v 0.090205 1.655603 -0.033997
v 0.108025 1.632286 -0.044629
v 0.121266 1.605684 -0.052528
v 0.129420 1.576818 -0.057393
v 0.132174 1.546800 -0.059036
v 0.129420 1.516781 -0.057393
v 0.121266 1.487916 -0.052528
v 0.108025 1.461313 -0.044629
v 0.090205 1.437996 -0.033997
v 0.068491 1.418860 -0.021043
v 0.043718 1.404641 -0.006264
v 0.016838 1.395885 0.009773
v 0.019945 1.697714 0.014963
v 0.049812 1.688958 0.003917
v 0.077339 1.674739 -0.006264
v 0.101466 1.655603 -0.015187
v 0.121266 1.632286 -0.022510
v 0.135979 1.605684 -0.027951
v 0.145040 1.576818 -0.031302
v 0.148099 1.546800 -0.032433
v 0.145040 1.516781 -0.031302
v 0.135979 1.487916 -0.027951
v 0.121266 1.461313 -0.022510
v 0.101466 1.437996 -0.015187
v 0.077339 1.418860 -0.006264
v 0.049812 1.404641 0.003917
v 0.019945 1.395885 0.014963
v 0.021858 1.697714 0.020594
v 0.053565 1.688958 0.014963
v 0.082787 1.674739 0.009773
v 0.108400 1.655603 0.005224
v 0.129420 1.632286 0.001491
v 0.145040 1.605684 -0.001283
v 0.154658 1.576818 -0.002991
v 0.157906 1.546800 -0.003568
v 0.154658 1.516781 -0.002991
v 0.145040 1.487916 -0.001283
v 0.129420 1.461313 0.001491
v 0.108400 1.437996 0.005224
v 0.082787 1.418860 0.009773
v 0.053565 1.404641 0.014963
v 0.021858 1.395885 0.020594
v 0.022504 1.697714 0.026451
v 0.054832 1.688958 0.026451
v 0.084627 1.674739 0.026451
v 0.110742 1.655603 0.026451
v 0.132174 1.632286 0.026451
v 0.148099 1.605684 0.026451
v 0.157906 1.576818 0.026451
v 0.161217 1.546800 0.026451
v 0.157906 1.516781 0.026451
v 0.148099 1.487916 0.026451
v 0.132174 1.461313 0.026451
v 0.110742 1.437996 0.026451
v 0.084627 1.418860 0.026451
v 0.054832 1.404641 0.026451
v 0.022504 1.395885 0.026451
v 0.021858 1.697714 0.032307
v 0.053565 1.688958 0.037938
v 0.082787 1.674739 0.043128
v 0.108400 1.655603 0.047677
v 0.129420 1.632286 0.051410
v 0.145040 1.605684 0.054184
v 0.154658 1.576818 0.055893
v 0.157906 1.546800 0.056469
v 0.154658 1.516781 0.055893
v 0.145040 1.487916 0.054184
v 0.129420 1.461313 0.051410
v 0.108400 1.437996 0.047677
v 0.082787 1.418860 0.043128
v 0.053565 1.404641 0.037938
v 0.021858 1.395885 0.032307
v 0.019945 1.697714 0.037938
v 0.049812 1.688958 0.048985
v 0.077339 1.674739 0.059165
v 0.101466 1.655603 0.068088
v 0.121266 1.632286 0.075411
v 0.135979 1.605684 0.080852
v 0.145040 1.576818 0.084203
v 0.148099 1.546800 0.085335
v 0.145040 1.516781 0.084203
v 0.135979 1.487916 0.080852
v 0.121266 1.461313 0.075411
v 0.101466 1.437996 0.068088
v 0.077339 1.418860 0.059165
v 0.049812 1.404641 0.048985
v 0.019945 1.395885 0.037938
v 0.016838 1.697714 0.043128
v 0.043718 1.688958 0.059165
v 0.068491 1.674739 0.073944
v 0.090205 1.655603 0.086899
v 0.108025 1.632286 0.097530
v 0.121266 1.605684 0.105430
v 0.129420 1.576818 0.110294
v 0.132173 1.546800 0.111937
v 0.129420 1.516781 0.110294
v 0.121266 1.487916 0.105430
v 0.108025 1.461313 0.097530
v 0.090205 1.437996 0.086899
v 0.068491 1.418860 0.073944
v 0.043718 1.404641 0.059165
v 0.016838 1.395885 0.043128
v 0.012657 1.697714 0.047677
v 0.035516 1.688958 0.068088
v 0.056584 1.674739 0.086899
v 0.075050 1.655603 0.103386
v 0.090205 1.632286 0.116917
v 0.101466 1.605684 0.126972
v 0.108400 1.576818 0.133164
v 0.110742 1.546800 0.135254
v 0.108400 1.516781 0.133164
v 0.101466 1.487916 0.126972
v 0.090205 1.461313 0.116917
v 0.075050 1.437996 0.103386
v 0.056584 1.418860 0.086899
v 0.035516 1.404641 0.068088
v 0.012657 1.395885 0.047677
v 0.007562 1.697714 0.051410
v 0.025523 1.688958 0.075411
v 0.042075 1.674739 0.097530
v 0.056584 1.655603 0.116917
v 0.068491 1.632286 0.132828
v 0.077339 1.605684 0.144651
v 0.082787 1.576818 0.151932
v 0.084627 1.546800 0.154390
v 0.082787 1.516781 0.151932
v 0.077339 1.487916 0.144651
v 0.068491 1.461313 0.132828
v 0.056584 1.437996 0.116917
v 0.042075 1.418860 0.097530
v 0.025523 1.404641 0.075411
v 0.007562 1.395885 0.051410
v 0.001749 1.697714 0.054184
v 0.014121 1.688958 0.080852
v 0.025523 1.674739 0.105430
v 0.035516 1.655603 0.126972
v 0.043718 1.632286 0.144651
v 0.049812 1.605684 0.157788
v 0.053565 1.576818 0.165878
v 0.054832 1.546800 0.168609
v 0.053565 1.516781 0.165878
v 0.049812 1.487916 0.157788
v 0.043718 1.461313 0.144651
v 0.035516 1.437996 0.126972
v 0.025523 1.418860 0.105430
v 0.014121 1.404641 0.080852
v 0.001749 1.395885 0.054184
v -0.004558 1.697714 0.055893
v 0.001749 1.688958 0.084203
v 0.007562 1.674739 0.110294
v 0.012657 1.655603 0.133164
v 0.016838 1.632286 0.151932
v 0.019945 1.605684 0.165878
v 0.021858 1.576818 0.174465
v 0.022504 1.546800 0.177365
v 0.021858 1.516781 0.174465
v 0.019945 1.487916 0.165878
v 0.016838 1.461313 0.151932
v 0.012657 1.437996 0.133164
v 0.007562 1.418860 0.110294
v 0.001749 1.404641 0.084203
v -0.004558 1.395885 0.055893
v -0.011117 1.697714 0.056469
v -0.011117 1.688958 0.085335
v -0.011117 1.674739 0.111937
v -0.011117 1.655603 0.135254
v -0.011117 1.632286 0.154390
v -0.011117 1.605684 0.168609
v -0.011117 1.576818 0.177365
v -0.011117 1.546800 0.180322
v -0.011117 1.516781 0.177365
v -0.011117 1.487916 0.168609
v -0.011117 1.461313 0.154390
v -0.011117 1.437996 0.135254
v -0.011117 1.418860 0.111937
v -0.011117 1.404641 0.085335
v -0.011117 1.395885 0.056469
v -0.017676 1.697714 0.055893
v -0.023983 1.688958 0.084203
v -0.029795 1.674739 0.110294
v -0.034890 1.655603 0.133163
v -0.039071 1.632286 0.151932
v -0.042178 1.605684 0.165878
v -0.044092 1.576818 0.174465
v -0.044737 1.546800 0.177365
v -0.044092 1.516781 0.174465
v -0.042178 1.487916 0.165878
v -0.039071 1.461313 0.151932
v -0.034890 1.437996 0.133163
v -0.029795 1.418860 0.110294
v -0.023983 1.404641 0.084203
v -0.017676 1.395885 0.055893
v -0.023983 1.697714 0.054184
v -0.036355 1.688958 0.080852
v -0.047756 1.674739 0.105430
v -0.057750 1.655603 0.126972
v -0.065952 1.632286 0.144651
v -0.072046 1.605684 0.157788
v -0.075799 1.576818 0.165878
v -0.077066 1.546800 0.168609
v -0.075799 1.516781 0.165878
v -0.072046 1.487916 0.157788
v -0.065952 1.461313 0.144651
v -0.057750 1.437996 0.126972
v -0.047756 1.418860 0.105430
v -0.036355 1.404641 0.080852
v -0.023983 1.395885 0.054184
v -0.029795 1.697714 0.051410
v -0.047756 1.688958 0.075411
v -0.064309 1.674739 0.097530
v -0.078818 1.655603 0.116917
v -0.090725 1.632286 0.132828
v -0.099572 1.605684 0.144651
v -0.105021 1.576818 0.151932
v -0.106860 1.546800 0.154390
v -0.105021 1.516781 0.151932
v -0.099572 1.487916 0.144651
v -0.090725 1.461313 0.132828
v -0.078818 1.437996 0.116917
v -0.064309 1.418860 0.097530
v -0.047756 1.404641 0.075411
v -0.029795 1.395885 0.051410
v -0.034890 1.697714 0.047677
v -0.057750 1.688958 0.068088
v -0.078818 1.674739 0.086899
v -0.097284 1.655603 0.103386
v -0.112438 1.632286 0.116917
v -0.123699 1.605684 0.126972
v -0.130634 1.576818 0.133163
v -0.132975 1.546800 0.135254
v -0.130634 1.516781 0.133163
v -0.123699 1.487916 0.126972
v -0.112438 1.461313 0.116917
v -0.097284 1.437996 0.103386
v -0.078818 1.418860 0.086899
v -0.057750 1.404641 0.068088
v -0.034890 1.395885 0.047677
v -0.039071 1.697714 0.043128
v -0.065952 1.688958 0.059165
v -0.090725 1.674739 0.073944
v -0.112438 1.655603 0.086899
v -0.130258 1.632286 0.097530
v -0.143500 1.605684 0.105430
v -0.151654 1.576818 0.110294
v -0.154407 1.546800 0.111937
v -0.151654 1.516781 0.110294
v -0.143500 1.487916 0.105430
v -0.130258 1.461313 0.097530
v -0.112438 1.437996 0.086899
v -0.090725 1.418860 0.073944
v -0.065952 1.404641 0.059165
v -0.039071 1.395885 0.043128
v -0.042178 1.697714 0.037938
v -0.072046 1.688958 0.048985
v -0.099572 1.674739 0.059165
v -0.123699 1.655603 0.068088
v -0.143500 1.632286 0.075411
v -0.158213 1.605684 0.080852
v -0.167273 1.576818 0.084203
v -0.170332 1.546800 0.085335
v -0.167273 1.516781 0.084203
v -0.158213 1.487916 0.080852
v -0.143500 1.461313 0.075411
v -0.123699 1.437996 0.068088
v -0.099572 1.418860 0.059165
v -0.072046 1.404641 0.048985
v -0.042178 1.395885 0.037938
v -0.044092 1.697714 0.032307
v -0.075799 1.688958 0.037938
v -0.105021 1.674739 0.043128
v -0.130634 1.655603 0.047677
v -0.151654 1.632286 0.051410
v -0.167273 1.605684 0.054184
v -0.176891 1.576818 0.055893
v -0.180139 1.546800 0.056469
v -0.176891 1.516781 0.055893
v -0.167273 1.487916 0.054184
v -0.151654 1.461313 0.051410
v -0.130634 1.437996 0.047677
v -0.105021 1.418860 0.043128
v -0.075799 1.404641 0.037938
v -0.044092 1.395885 0.032307
v -0.044737 1.697714 0.026451
v -0.077066 1.688958 0.026451
v -0.106860 1.674739 0.026451
v -0.132975 1.655603 0.026451
v -0.154407 1.632286 0.026451
v -0.170333 1.605684 0.026451
v -0.180139 1.576818 0.026451
v -0.183451 1.546800 0.026451
v -0.180139 1.516781 0.026451
v -0.170333 1.487916 0.026451
v -0.154407 1.461313 0.026451
v -0.132975 1.437996 0.026451
v -0.106860 1.418860 0.026451
v -0.077066 1.404641 0.026451
v -0.044737 1.395885 0.026451
v -0.044092 1.697714 0.020594
v -0.075799 1.688958 0.014963
v -0.105021 1.674739 0.009773
v -0.130634 1.655603 0.005224
v -0.151654 1.632286 0.001491
v -0.167273 1.605684 -0.001283
v -0.176891 1.576818 -0.002991
v -0.180139 1.546800 -0.003568
v -0.176891 1.516781 -0.002991
v -0.167273 1.487916 -0.001283
v -0.151654 1.461313 0.001491
v -0.130634 1.437996 0.005224
v -0.105021 1.418860 0.009773
v -0.075799 1.404641 0.014963
v -0.044092 1.395885 0.020594
v -0.042178 1.697714 0.014963
v -0.072046 1.688958 0.003917
v -0.099572 1.674739 -0.006264
v -0.123699 1.655603 -0.015187
v -0.143500 1.632286 -0.022510
v -0.158213 1.605684 -0.027951
v -0.167273 1.576818 -0.031302
v -0.170332 1.546800 -0.032433
v -0.167273 1.516781 -0.031302
v -0.158213 1.487916 -0.027951
v -0.143500 1.461313 -0.022510
v -0.123699 1.437996 -0.015187
v -0.099572 1.418860 -0.006264
v -0.072046 1.404641 0.003917
v -0.042178 1.395885 0.014963
v -0.039071 1.697714 0.009773
v -0.065952 1.688958 -0.006264
v -0.090724 1.674739 -0.021043
v -0.112438 1.655603 -0.033997
v -0.130258 1.632286 -0.044629
v -0.143500 1.605684 -0.052528
v -0.151654 1.576818 -0.057393
v -0.154407 1.546800 -0.059036
v -0.151654 1.516781 -0.057393
v -0.143500 1.487916 -0.052528
v -0.130258 1.461313 -0.044629
v -0.112438 1.437996 -0.033997
v -0.090724 1.418860 -0.021043
v -0.065952 1.404641 -0.006264
v -0.039071 1.395885 0.009773
v -0.034890 1.697714 0.005224
v -0.057750 1.688958 -0.015187
v -0.078818 1.674739 -0.033997
v -0.097284 1.655603 -0.050485
v -0.112438 1.632286 -0.064016
v -0.123699 1.605684 -0.074070
v -0.130634 1.576818 -0.080262
v -0.132975 1.546800 -0.082353
v -0.130634 1.516781 -0.080262
v -0.123699 1.487916 -0.074070
v -0.112438 1.461313 -0.064016
v -0.097284 1.437996 -0.050485
v -0.078818 1.418860 -0.033997
v -0.057750 1.404641 -0.015187
v -0.034890 1.395885 0.005224
v -0.029795 1.697714 0.001491
v -0.047756 1.688958 -0.022510
v -0.064309 1.674739 -0.044628
v -0.078818 1.655603 -0.064016
v -0.090724 1.632286 -0.079927
v -0.099572 1.605684 -0.091750
v -0.105021 1.576818 -0.099030
v -0.106860 1.546800 -0.101488
v -0.105021 1.516781 -0.099030
v -0.099572 1.487916 -0.091750
v -0.090724 1.461313 -0.079927
v -0.078818 1.437996 -0.064016
v -0.064309 1.418860 -0.044628
v -0.047756 1.404641 -0.022510
v -0.029795 1.395885 0.001491
v -0.023983 1.697714 -0.001283
v -0.036355 1.688958 -0.027951
v -0.047756 1.674739 -0.052528
v -0.057750 1.655603 -0.074071
v -0.065952 1.632286 -0.091750
v -0.072046 1.605684 -0.104887
v -0.075799 1.576818 -0.112976
v -0.077066 1.546800 -0.115708
v -0.075799 1.516781 -0.112976
v -0.072046 1.487916 -0.104887
v -0.065952 1.461313 -0.091750
v -0.057750 1.437996 -0.074071
v -0.047756 1.418860 -0.052528
v -0.036355 1.404641 -0.027951
v -0.023983 1.395885 -0.001283
v -0.017676 1.697714 -0.002991
v -0.023983 1.688958 -0.031302
v -0.029795 1.674739 -0.057393
v -0.034890 1.655603 -0.080262
v -0.039071 1.632286 -0.099030
v -0.042178 1.605684 -0.112976
v -0.044091 1.576818 -0.121564
v -0.044737 1.546800 -0.124464
v -0.044091 1.516781 -0.121564
v -0.042178 1.487916 -0.112976
v -0.039071 1.461313 -0.099030
v -0.034890 1.437996 -0.080262
v -0.029795 1.418860 -0.057393
v -0.023983 1.404641 -0.031302
v -0.017676 1.395885 -0.002991
v -0.011117 1.697714 -0.003568
v -0.011117 1.688958 -0.032433
v -0.011117 1.655603 -0.082353
v -0.011117 1.605684 -0.115708
v -0.011117 1.487916 -0.115708
v -0.011117 1.437996 -0.082353
v -0.011117 1.418860 -0.059035
v -0.011117 1.404641 -0.032433
v -0.011117 1.395885 -0.003568
v 0.303100 0.314991 -0.010823
vn -0.0000 -1.0000 -0.0000
vn 0.0975 0.1006 0.9901
vn -0.7687 0.1053 0.6309
vn 0.2889 0.0992 -0.9522
vn 0.2888 0.0995 0.9522
vn -0.6309 0.1046 0.7688
vn 0.0975 0.1002 -0.9902
vn 0.4691 0.0985 0.8776
vn -0.4689 0.1037 0.8772
vn -0.0975 0.1013 -0.9901
vn 0.6314 0.0976 0.7693
vn -0.2887 0.1027 0.9519
vn -0.2888 0.1024 -0.9519
vn 0.7694 0.0968 0.6314
vn -0.0975 0.1017 0.9900
vn -0.4689 0.1034 -0.8772
vn 0.8778 0.0962 0.4692
vn -0.6309 0.1043 -0.7688
vn 0.9525 0.0957 0.2890
vn -0.7687 0.1051 -0.6309
vn 0.9906 0.0955 0.0976
vn -0.8770 0.1057 -0.4688
vn 0.9906 0.0955 -0.0976
vn -0.9515 0.1062 -0.2886
vn 0.9526 0.0956 -0.2890
vn -0.9895 0.1064 -0.0975
vn 0.8778 0.0960 -0.4692
vn -0.9895 0.1064 0.0975
vn 0.7694 0.0966 -0.6314
vn -0.9515 0.1063 0.2886
vn 0.6314 0.0973 -0.7693
vn -0.8770 0.1059 0.4687
vn 0.4691 0.0982 -0.8777
vn 0.0132 -0.9996 -0.0247
vn 0.0118 -0.9992 -0.0389
vn 0.2917 -0.8880 -0.3555
vn 0.2246 -0.8792 -0.4203
vn 0.1286 0.9846 -0.1186
vn 0.0352 0.9779 -0.2062
vn 0.2619 0.4312 0.8634
vn -0.5672 0.4479 0.6911
vn 0.0885 0.4300 -0.8985
vn 0.4261 0.4276 0.7972
vn -0.3070 0.3664 0.8783
vn -0.0883 0.4337 -0.8967
vn 0.5745 0.4243 0.7000
vn -0.3953 0.3731 0.8393
vn -0.2610 0.4374 -0.8606
vn 0.7011 0.4213 0.5753
vn -0.0881 0.4386 0.8944
vn -0.4231 0.4409 -0.7916
vn 0.8009 0.4188 0.4281
vn -0.8399 -0.3390 -0.4239
vn -0.5684 0.4442 -0.6926
vn 0.8698 0.4169 0.2639
vn -0.6915 0.4471 -0.5675
vn 0.9051 0.4157 0.0891
vn -0.7878 0.4494 -0.4211
vn 0.9054 0.4152 -0.0892
vn -0.8540 0.4512 -0.2591
vn 0.8705 0.4154 -0.2641
vn -0.8875 0.4524 -0.0874
vn 0.8018 0.4164 -0.4286
vn -0.8873 0.4529 0.0874
vn 0.7022 0.4181 -0.5763
vn -0.8533 0.4526 0.2588
vn 0.5756 0.4204 -0.7014
vn -0.7868 0.4517 0.4206
vn 0.4271 0.4232 -0.7990
vn 0.0883 0.4349 0.8961
vn -0.6903 0.4501 0.5665
vn 0.2626 0.4265 -0.8656
vn 0.2784 0.8071 0.5208
vn -0.2722 0.8164 0.5093
vn -0.0599 0.7911 -0.6087
vn 0.3771 0.8041 0.4595
vn -0.1680 0.8154 0.5539
vn -0.1765 0.7938 -0.5820
vn 0.4627 0.8011 0.3797
vn -0.0569 0.8140 0.5781
vn -0.2849 0.7967 -0.5330
vn 0.5315 0.7980 0.2841
vn -0.5468 -0.5676 -0.6154
vn -0.3808 0.7998 -0.4640
vn 0.5805 0.7950 0.1761
vn -0.4609 0.8028 -0.3782
vn 0.6073 0.7922 0.0598
vn -0.5222 0.8058 -0.2791
vn 0.6104 0.7898 -0.0601
vn -0.5630 0.8086 -0.1708
vn 0.5894 0.7878 -0.1788
vn -0.5821 0.8111 -0.0573
vn 0.5448 0.7864 -0.2912
vn -0.5792 0.8132 0.0570
vn 0.4783 0.7856 -0.3925
vn -0.5547 0.8149 0.1683
vn 0.3926 0.7855 -0.4784
vn -0.5097 0.8161 0.2725
vn 0.2914 0.7860 -0.5452
vn 0.0572 0.8121 0.5808
vn -0.4461 0.8167 0.3661
vn 0.1790 0.7871 -0.5902
vn 0.1703 0.8097 0.5615
vn -0.3660 0.8168 0.4459
vn 0.0602 0.7889 -0.6116
vn 0.7178 0.3711 0.5891
vn -0.0906 0.3823 0.9196
vn -0.4279 0.4198 -0.8005
vn 0.8187 0.3717 0.4376
vn -0.8665 -0.3058 -0.3944
vn -0.5754 0.4211 -0.7011
vn 0.8878 0.3732 0.2693
vn -0.7010 0.4215 -0.5753
vn 0.9223 0.3757 0.0908
vn -0.8000 0.4210 -0.4276
vn 0.9210 0.3790 -0.0907
vn -0.8687 0.4195 -0.2635
vn 0.8840 0.3829 -0.2682
vn -0.9044 0.4172 -0.0891
vn 0.8131 0.3874 -0.4346
vn -0.9058 0.4141 0.0892
vn 0.7111 0.3922 -0.5836
vn -0.8727 0.4103 0.2647
vn 0.5822 0.3971 -0.7094
vn -0.8060 0.4060 0.4308
vn 0.4316 0.4020 -0.8075
vn 0.0907 0.3785 0.9212
vn -0.7080 0.4013 0.5811
vn 0.2652 0.4067 -0.8742
vn 0.2691 0.3753 0.8870
vn -0.5824 0.3964 0.7097
vn 0.0894 0.4109 -0.9073
vn 0.4374 0.3730 0.8183
vn -0.4338 0.3915 0.8115
vn -0.0892 0.4146 -0.9056
vn 0.5890 0.3715 0.7177
vn -0.2677 0.3867 0.8825
vn -0.2638 0.4176 -0.8695
vn 0.8815 -0.0300 0.4712
vn -0.9955 0.0162 -0.0935
vn -0.6339 0.0389 -0.7724
vn 0.9567 -0.0236 0.2902
vn -0.7725 0.0351 -0.6340
vn 0.9951 -0.0164 0.0980
vn -0.8815 0.0300 -0.4712
vn 0.9951 -0.0085 -0.0980
vn -0.9567 0.0236 -0.2902
vn 0.9569 -0.0003 -0.2903
vn -0.9951 0.0164 -0.0980
vn 0.8819 0.0079 -0.4714
vn -0.9951 0.0085 0.0980
vn 0.7729 0.0158 -0.6343
vn -0.9569 0.0003 0.2903
vn 0.6342 0.0231 -0.7728
vn -0.8819 -0.0079 0.4714
vn 0.4712 0.0295 -0.8815
vn 0.0979 -0.0411 0.9943
vn -0.7729 -0.0158 0.6343
vn 0.2901 0.0348 -0.9564
vn 0.2900 -0.0420 0.9561
vn -0.6342 -0.0231 0.7728
vn 0.0979 0.0387 -0.9944
vn 0.4710 -0.0413 0.8812
vn -0.4712 -0.0295 0.8815
vn -0.0979 0.0411 -0.9943
vn 0.6339 -0.0389 0.7724
vn -0.2901 -0.0348 0.9564
vn -0.2900 0.0420 -0.9561
vn 0.7725 -0.0351 0.6340
vn -0.0979 -0.0387 0.9944
vn -0.4710 0.0413 -0.8812
vn -0.0003 -1.0000 -0.0001
vn 0.0002 -1.0000 0.0002
vn -0.0003 -1.0000 -0.0000
vn 0.0002 -1.0000 0.0001
vn -0.0003 -1.0000 0.0001
vn 0.0003 -1.0000 -0.0000
vn -0.0002 -1.0000 0.0001
vn -0.0002 -1.0000 0.0002
vn 0.0002 -1.0000 -0.0001
vn -0.0001 -1.0000 0.0002
vn -0.0000 -1.0000 -0.0003
vn 0.0002 -1.0000 -0.0002
vn -0.0001 -1.0000 0.0003
vn -0.0001 -1.0000 -0.0003
vn -0.0000 -1.0000 0.0003
vn -0.0001 -1.0000 -0.0002
vn 0.0001 -1.0000 -0.0002
vn -0.0002 -1.0000 -0.0002
vn 0.0001 -1.0000 0.0003
vn 0.0001 -1.0000 0.0002
vn -0.0002 -1.0000 -0.0001
vn 0.1393 0.7001 0.7003
vn 0.9951 -0.0148 0.0980
vn -0.8817 0.0240 -0.4713
vn 0.9951 -0.0093 -0.0980
vn -0.9568 0.0198 -0.2902
vn 0.9569 -0.0034 -0.2903
vn -0.9951 0.0148 -0.0980
vn 0.8819 0.0026 -0.4714
vn -0.9951 0.0093 0.0980
vn 0.7730 0.0085 -0.6344
vn -0.9569 0.0034 0.2903
vn 0.6343 0.0141 -0.7729
vn -0.8819 -0.0026 0.4714
vn 0.4713 0.0191 -0.8818
vn 0.0980 -0.0292 0.9948
vn -0.7730 -0.0085 0.6344
vn 0.2902 0.0234 -0.9567
vn 0.2901 -0.0305 0.9565
vn -0.6343 -0.0141 0.7729
vn 0.0980 0.0268 -0.9948
vn 0.4712 -0.0306 0.8815
vn -0.4713 -0.0191 0.8818
vn -0.0980 0.0292 -0.9948
vn 0.6341 -0.0295 0.7727
vn -0.2902 -0.0234 0.9567
vn -0.2902 0.0305 -0.9565
vn 0.7727 -0.0272 0.6342
vn -0.0980 -0.0268 0.9948
vn -0.4712 0.0306 -0.8815
vn 0.8817 -0.0240 0.4713
vn -0.9954 0.0147 -0.0949
vn -0.6341 0.0295 -0.7727
vn 0.9568 -0.0198 0.2902
vn -0.7727 0.0272 -0.6342
vn 0.8650 -0.4945 -0.0852
vn -0.8338 -0.4907 -0.2529
vn 0.8365 -0.4857 -0.2537
vn -0.8621 -0.4997 -0.0849
vn 0.7749 -0.4774 -0.4142
vn -0.8569 -0.5085 0.0844
vn 0.6823 -0.4699 -0.5600
vn -0.8192 -0.5169 0.2485
vn 0.5621 -0.4636 -0.6849
vn -0.7508 -0.5246 0.4013
vn 0.4189 -0.4587 -0.7836
vn 0.0822 -0.5443 0.8348
vn -0.6549 -0.5313 0.5375
vn 0.2584 -0.4556 -0.8519
vn 0.2439 -0.5423 0.8040
vn -0.5352 -0.5368 0.6522
vn 0.0873 -0.4542 -0.8866
vn 0.3971 -0.5388 0.7430
vn -0.3965 -0.5410 0.7417
vn -0.0873 -0.4548 -0.8863
vn 0.5364 -0.5338 0.6537
vn -0.2436 -0.5437 0.8032
vn -0.2582 -0.4572 -0.8511
vn 0.6567 -0.5276 0.5389
vn -0.0822 -0.5448 0.8345
vn -0.4182 -0.4613 -0.7825
vn 0.7532 -0.5203 0.4026
vn -0.8001 0.4703 0.3723
vn -0.5609 -0.4671 -0.6835
vn 0.8219 -0.5121 0.2493
vn -0.6806 -0.4741 -0.5586
vn 0.8599 -0.5035 0.0847
vn -0.7727 -0.4821 -0.4130
vn 0.2256 0.9740 0.0222
vn 0.2405 0.9679 0.0730
vn 0.4733 -0.8438 -0.2530
vn -0.5112 -0.8580 0.0503
vn 0.4157 -0.8431 -0.3412
vn -0.4896 -0.8592 0.1485
vn 0.3415 -0.8427 -0.4162
vn -0.4499 -0.8601 0.2405
vn 0.2538 -0.8427 -0.4748
vn 0.0502 -0.8591 0.5093
vn -0.3935 -0.8607 0.3229
vn 0.1561 -0.8431 -0.5146
vn 0.1492 -0.8579 0.4917
vn -0.3226 -0.8611 0.3931
vn 0.0526 -0.8439 -0.5340
vn 0.2433 -0.8565 0.4552
vn -0.2397 -0.8610 0.4485
vn -0.0524 -0.8450 -0.5323
vn 0.3292 -0.8548 0.4011
vn -0.1478 -0.8607 0.4872
vn -0.1546 -0.8463 -0.5097
vn 0.4033 -0.8531 0.3310
vn -0.0500 -0.8601 0.5077
vn -0.2499 -0.8479 -0.4676
vn 0.4627 -0.8513 0.2473
vn -0.3323 0.6922 0.6407
vn -0.3346 -0.8496 -0.4077
vn 0.5049 -0.8495 0.1531
vn -0.4054 -0.8514 -0.3327
vn 0.5278 -0.8478 0.0520
vn -0.4600 -0.8532 -0.2459
vn 0.5303 -0.8462 -0.0522
vn -0.4339 -0.8994 0.0535
vn 0.5119 -0.8449 -0.1553
vn -0.4078 -0.9081 -0.0946
vn -0.0966 0.9430 0.3185
vn -0.0944 0.9457 -0.3111
vn 0.2402 0.9505 0.1972
vn -0.0323 0.9443 0.3275
vn -0.1551 0.9443 -0.2902
vn 0.2718 0.9513 0.1453
vn -0.3455 -0.6515 -0.6754
vn -0.2112 0.9430 -0.2573
vn 0.2930 0.9520 0.0889
vn -0.2600 0.9417 -0.2134
vn 0.3034 0.9524 0.0299
vn -0.2993 0.9406 -0.1600
vn 0.3027 0.9526 -0.0298
vn -0.4660 0.8579 0.2163
vn 0.2911 0.9526 -0.0883
vn -0.3433 0.9226 -0.1761
vn 0.2688 0.9524 -0.1437
vn -0.3427 0.9388 0.0338
vn 0.2367 0.9520 -0.1942
vn -0.3296 0.9388 0.1000
vn 0.1955 0.9513 -0.2382
vn -0.3030 0.9391 0.1619
vn 0.1465 0.9505 -0.2741
vn 0.0319 0.9457 0.3235
vn -0.2642 0.9398 0.2169
vn 0.0911 0.9495 -0.3003
vn 0.0932 0.9470 0.3073
vn -0.2153 0.9406 0.2624
vn 0.0311 0.9483 -0.3158
vn 0.1496 0.9483 0.2799
vn -0.1586 0.9417 0.2967
vn -0.0315 0.9470 -0.3196
vn 0.1991 0.9495 0.2426
vn -0.0773 -0.4700 0.8793
vn -0.0414 0.8812 0.4710
vn -0.0839 -0.2893 0.9536
vn -0.0255 0.9566 0.2902
vn -0.0872 -0.0976 0.9914
vn -0.0086 -0.9951 0.0980
vn -0.0086 0.9951 0.0980
vn -0.0872 0.0976 0.9914
vn -0.0255 -0.9566 0.2902
vn -0.0839 0.2893 0.9536
vn -0.0414 -0.8812 0.4710
vn -0.0773 0.4700 0.8793
vn -0.0557 -0.7718 0.6334
vn -0.0678 0.6329 0.7712
vn -0.0678 -0.6329 0.7712
vn -0.0557 0.7718 0.6334
vn -0.2018 0.6358 0.7450
vn -0.2018 -0.6358 0.7450
vn -0.1655 0.7742 0.6109
vn -0.2304 -0.4728 0.8505
vn -0.1229 0.8827 0.4537
vn -0.2501 -0.2913 0.9234
vn -0.0756 0.9572 0.2792
vn -0.2602 -0.0984 0.9605
vn -0.0256 -0.9952 0.0943
vn -0.0255 0.9952 0.0943
vn -0.2602 0.0984 0.9605
vn -0.0756 -0.9572 0.2792
vn -0.2501 0.2913 0.9234
vn -0.1229 -0.8827 0.4537
vn -0.2304 0.4728 0.8505
vn -0.1655 -0.7742 0.6109
vn -0.0415 0.9954 0.0869
vn -0.4286 0.0998 0.8980
vn -0.1230 -0.9584 0.2576
vn -0.4115 0.2952 0.8623
vn -0.2002 -0.8855 0.4194
vn -0.3783 0.4781 0.7927
vn -0.2703 -0.7786 0.5663
vn -0.3305 0.6413 0.6925
vn -0.3305 -0.6413 0.6925
vn -0.2703 0.7786 0.5663
vn -0.3783 -0.4781 0.7927
vn -0.2002 0.8854 0.4194
vn -0.4115 -0.2952 0.8623
vn -0.1229 0.9584 0.2576
vn -0.4286 -0.0998 0.8980
vn -0.0415 -0.9954 0.0869
vn -0.3665 0.7846 0.5001
vn -0.5168 -0.4853 0.7053
vn -0.2705 0.8891 0.3692
vn -0.5638 -0.3005 0.7694
vn -0.1657 0.9599 0.2262
vn -0.5880 -0.1017 0.8024
vn -0.0558 -0.9955 0.0762
vn -0.0558 0.9955 0.0762
vn -0.5880 0.1017 0.8024
vn -0.1657 -0.9599 0.2262
vn -0.5637 0.3005 0.7694
vn -0.2705 -0.8891 0.3692
vn -0.5168 0.4853 0.7053
vn -0.3665 -0.7846 0.5001
vn -0.4499 0.6486 0.6139
vn -0.4499 -0.6486 0.6139
vn -0.2023 -0.9615 0.1859
vn -0.7008 0.3065 0.6441
vn -0.3311 -0.8932 0.3043
vn -0.6403 0.4935 0.5886
vn -0.4503 -0.7912 0.4139
vn -0.5551 0.6569 0.5102
vn -0.5551 -0.6569 0.5102
vn -0.4503 0.7912 0.4139
vn -0.6403 -0.4935 0.5886
vn -0.3311 0.8932 0.3043
vn -0.7008 -0.3065 0.6441
vn -0.2023 0.9615 0.1859
vn -0.7323 -0.1040 0.6730
vn -0.0680 -0.9957 0.0625
vn -0.0680 0.9957 0.0625
vn -0.7323 0.1040 0.6730
vn -0.7423 -0.5015 0.4444
vn -0.3794 0.8970 0.2271
vn -0.8150 -0.3125 0.4879
vn -0.2311 0.9630 0.1384
vn -0.8532 -0.1062 0.5107
vn -0.0776 -0.9959 0.0465
vn -0.0776 0.9959 0.0465
vn -0.8532 0.1062 0.5107
vn -0.2311 -0.9630 0.1384
vn -0.8150 0.3125 0.4879
vn -0.3794 -0.8970 0.2271
vn -0.7423 0.5015 0.4444
vn -0.5178 -0.7974 0.3100
vn -0.6410 0.6648 0.3837
vn -0.6410 -0.6648 0.3837
vn -0.5178 0.7974 0.3100
vn -0.8979 0.3173 0.3051
vn -0.4130 -0.8999 0.1403
vn -0.8157 0.5078 0.2771
vn -0.5653 -0.8022 0.1920
vn -0.7020 0.6710 0.2385
vn -0.7020 -0.6710 0.2385
vn -0.5653 0.8022 0.1920
vn -0.8157 -0.5078 0.2771
vn -0.4130 0.8999 0.1403
vn -0.8979 -0.3173 0.3051
vn -0.2511 0.9642 0.0853
vn -0.9413 -0.1080 0.3198
vn -0.0842 -0.9960 0.0286
vn -0.0842 0.9960 0.0286
vn -0.9413 0.1080 0.3198
vn -0.2511 -0.9642 0.0853
vn -0.4302 0.9015 0.0475
vn -0.9417 -0.3199 0.1039
vn -0.2613 0.9648 0.0288
vn -0.9880 -0.1090 0.1090
vn -0.0876 -0.9961 0.0097
vn -0.0876 0.9961 0.0097
vn -0.9880 0.1090 0.1090
vn -0.2613 -0.9648 0.0288
vn -0.9417 0.3199 0.1039
vn -0.4302 -0.9015 0.0475
vn -0.8542 0.5114 0.0942
vn -0.5898 -0.8049 0.0651
vn -0.7338 0.6745 0.0809
vn -0.7338 -0.6745 0.0809
vn -0.5898 0.8049 0.0651
vn -0.8542 -0.5114 0.0942
vn -0.4302 -0.9015 -0.0475
vn -0.8542 0.5114 -0.0942
vn -0.5898 -0.8049 -0.0651
vn -0.7338 0.6745 -0.0809
vn -0.7338 -0.6745 -0.0809
vn -0.5898 0.8049 -0.0651
vn -0.8542 -0.5114 -0.0942
vn -0.4302 0.9015 -0.0475
vn -0.9417 -0.3199 -0.1039
vn -0.2613 0.9648 -0.0288
vn -0.9880 -0.1090 -0.1090
vn -0.0876 -0.9961 -0.0097
vn -0.0876 0.9961 -0.0097
vn -0.9880 0.1090 -0.1090
vn -0.2613 -0.9648 -0.0288
vn -0.9417 0.3199 -0.1039
vn -0.8979 -0.3173 -0.3051
vn -0.2511 0.9642 -0.0853
vn -0.9413 -0.1080 -0.3198
vn -0.0842 -0.9960 -0.0286
vn -0.0842 0.9960 -0.0286
vn -0.9413 0.1080 -0.3198
vn -0.2511 -0.9642 -0.0853
vn -0.8979 0.3173 -0.3051
vn -0.4130 -0.8999 -0.1403
vn -0.8157 0.5078 -0.2771
vn -0.5653 -0.8022 -0.1920
vn -0.7020 0.6710 -0.2385
vn -0.7020 -0.6710 -0.2385
vn -0.5653 0.8022 -0.1920
vn -0.8157 -0.5078 -0.2771
vn -0.4130 0.8999 -0.1403
vn -0.7423 0.5015 -0.4444
vn -0.5178 -0.7974 -0.3100
vn -0.6410 0.6648 -0.3837
vn -0.6410 -0.6648 -0.3837
vn -0.5178 0.7974 -0.3100
vn -0.7423 -0.5015 -0.4444
vn -0.3793 0.8970 -0.2271
vn -0.8150 -0.3125 -0.4879
vn -0.2311 0.9630 -0.1384
vn -0.8532 -0.1062 -0.5107
vn -0.0776 -0.9959 -0.0465
vn -0.0776 0.9959 -0.0465
vn -0.8532 0.1062 -0.5107
vn -0.2311 -0.9630 -0.1384
vn -0.8150 0.3125 -0.4879
vn -0.3793 -0.8970 -0.2271
vn -0.2023 0.9615 -0.1859
vn -0.7323 -0.1040 -0.6730
vn -0.0680 -0.9957 -0.0625
vn -0.0680 0.9957 -0.0625
vn -0.7323 0.1040 -0.6730
vn -0.2023 -0.9615 -0.1859
vn -0.7008 0.3065 -0.6441
vn -0.3311 -0.8932 -0.3043
vn -0.6403 0.4935 -0.5886
vn -0.4503 -0.7912 -0.4139
vn -0.5551 0.6569 -0.5102
vn -0.5551 -0.6569 -0.5102
vn -0.4503 0.7912 -0.4139
vn -0.6403 -0.4935 -0.5886
vn -0.3311 0.8932 -0.3043
vn -0.7008 -0.3065 -0.6441
vn -0.0558 -0.9955 -0.0762
vn -0.0558 0.9955 -0.0762
vn -0.5880 0.1017 -0.8024
vn -0.1657 -0.9599 -0.2262
vn -0.5638 0.3005 -0.7694
vn -0.2705 -0.8891 -0.3692
vn -0.5168 0.4853 -0.7053
vn -0.3665 -0.7846 -0.5001
vn -0.4499 0.6486 -0.6139
vn -0.4499 -0.6486 -0.6139
vn -0.3665 0.7846 -0.5001
vn -0.5168 -0.4853 -0.7053
vn -0.2705 0.8891 -0.3692
vn -0.5638 -0.3005 -0.7694
vn -0.1657 0.9599 -0.2262
vn -0.5880 -0.1017 -0.8024
vn -0.3305 -0.6413 -0.6925
vn -0.2703 0.7786 -0.5663
vn -0.3783 -0.4781 -0.7927
vn -0.2002 0.8854 -0.4194
vn -0.4115 -0.2952 -0.8623
vn -0.1230 0.9584 -0.2576
vn -0.4286 -0.0998 -0.8980
vn -0.0415 -0.9954 -0.0869
vn -0.0414 0.9954 -0.0869
vn -0.4286 0.0998 -0.8980
vn -0.1229 -0.9584 -0.2576
vn -0.4115 0.2952 -0.8623
vn -0.2002 -0.8855 -0.4194
vn -0.3783 0.4781 -0.7927
vn -0.2703 -0.7786 -0.5663
vn -0.3305 0.6413 -0.6925
vn -0.2602 0.0984 -0.9605
vn -0.0756 -0.9572 -0.2792
vn -0.2501 0.2913 -0.9234
vn -0.1229 -0.8827 -0.4537
vn -0.2304 0.4728 -0.8505
vn -0.1655 -0.7742 -0.6109
vn -0.2018 0.6358 -0.7450
vn -0.2018 -0.6358 -0.7450
vn -0.1655 0.7742 -0.6109
vn -0.2304 -0.4728 -0.8505
vn -0.1229 0.8827 -0.4537
vn -0.2501 -0.2913 -0.9234
vn -0.0756 0.9572 -0.2792
vn -0.2602 -0.0984 -0.9605
vn -0.0256 -0.9952 -0.0943
vn -0.0255 0.9952 -0.0943
vn -0.0557 0.7718 -0.6334
vn -0.0773 -0.4700 -0.8793
vn -0.0414 0.8812 -0.4710
vn -0.0839 -0.2893 -0.9536
vn -0.0255 0.9566 -0.2902
vn -0.0872 -0.0976 -0.9914
vn -0.0086 -0.9951 -0.0980
vn -0.0086 0.9951 -0.0980
vn -0.0872 0.0976 -0.9914
vn -0.0255 -0.9566 -0.2902
vn -0.0839 0.2893 -0.9536
vn -0.0414 -0.8812 -0.4710
vn -0.0773 0.4700 -0.8793
vn -0.0557 -0.7718 -0.6334
vn -0.0678 0.6329 -0.7712
vn -0.0678 -0.6329 -0.7712
vn 0.0839 0.2893 -0.9536
vn 0.0414 -0.8812 -0.4710
vn 0.0773 0.4700 -0.8793
vn 0.0557 -0.7718 -0.6334
vn 0.0678 0.6329 -0.7712
vn 0.0678 -0.6329 -0.7712
vn 0.0557 0.7718 -0.6334
vn 0.0773 -0.4700 -0.8793
vn 0.0414 0.8812 -0.4710
vn 0.0839 -0.2893 -0.9536
vn 0.0255 0.9566 -0.2902
vn 0.0872 -0.0976 -0.9914
vn 0.0086 -0.9951 -0.0980
vn 0.0086 0.9951 -0.0980
vn 0.0872 0.0976 -0.9914
vn 0.0255 -0.9566 -0.2902
vn 0.1229 0.8827 -0.4537
vn 0.2501 -0.2913 -0.9234
vn 0.0756 0.9572 -0.2792
vn 0.2602 -0.0984 -0.9605
vn 0.0255 -0.9952 -0.0943
vn 0.0255 0.9952 -0.0943
vn 0.2602 0.0984 -0.9605
vn 0.0756 -0.9572 -0.2792
vn 0.2501 0.2913 -0.9234
vn 0.1229 -0.8827 -0.4537
vn 0.2304 0.4728 -0.8505
vn 0.1655 -0.7742 -0.6109
vn 0.2018 0.6358 -0.7450
vn 0.2018 -0.6358 -0.7450
vn 0.1655 0.7742 -0.6109
vn 0.2304 -0.4728 -0.8505
vn 0.2002 -0.8854 -0.4194
vn 0.3783 0.4781 -0.7927
vn 0.2703 -0.7786 -0.5663
vn 0.3305 0.6413 -0.6925
vn 0.3305 -0.6413 -0.6925
vn 0.2703 0.7786 -0.5663
vn 0.3783 -0.4781 -0.7927
vn 0.2002 0.8854 -0.4194
vn 0.4115 -0.2952 -0.8623
vn 0.1230 0.9584 -0.2576
vn 0.4286 -0.0998 -0.8980
vn 0.0415 -0.9954 -0.0869
vn 0.0414 0.9954 -0.0869
vn 0.4286 0.0998 -0.8980
vn 0.1230 -0.9584 -0.2576
vn 0.4115 0.2952 -0.8623
vn 0.5638 -0.3005 -0.7694
vn 0.1657 0.9599 -0.2262
vn 0.5880 -0.1017 -0.8024
vn 0.0558 -0.9955 -0.0762
vn 0.0558 0.9955 -0.0762
vn 0.5880 0.1018 -0.8024
vn 0.1657 -0.9599 -0.2262
vn 0.5638 0.3005 -0.7694
vn 0.2705 -0.8891 -0.3692
vn 0.5168 0.4853 -0.7053
vn 0.3665 -0.7846 -0.5001
vn 0.4499 0.6486 -0.6139
vn 0.4499 -0.6486 -0.6139
vn 0.3665 0.7846 -0.5001
vn 0.5168 -0.4853 -0.7053
vn 0.2705 0.8891 -0.3692
vn 0.6403 0.4935 -0.5886
vn 0.4503 -0.7912 -0.4139
vn 0.5551 0.6569 -0.5102
vn 0.5551 -0.6569 -0.5102
vn 0.4503 0.7912 -0.4139
vn 0.6403 -0.4935 -0.5886
vn 0.3311 0.8932 -0.3043
vn 0.7008 -0.3065 -0.6441
vn 0.2023 0.9615 -0.1859
vn 0.7323 -0.1040 -0.6730
vn 0.0680 -0.9957 -0.0625
vn 0.0680 0.9957 -0.0625
vn 0.7323 0.1040 -0.6730
vn 0.2023 -0.9615 -0.1859
vn 0.7008 0.3065 -0.6441
vn 0.3311 -0.8932 -0.3043
vn 0.2311 0.9630 -0.1384
vn 0.8532 -0.1062 -0.5107
vn 0.0776 -0.9959 -0.0465
vn 0.0776 0.9959 -0.0465
vn 0.8532 0.1062 -0.5107
vn 0.2311 -0.9630 -0.1384
vn 0.8150 0.3125 -0.4879
vn 0.3794 -0.8970 -0.2271
vn 0.7423 0.5015 -0.4444
vn 0.5178 -0.7974 -0.3100
vn 0.6410 0.6648 -0.3837
vn 0.6410 -0.6648 -0.3837
vn 0.5178 0.7974 -0.3100
vn 0.7423 -0.5015 -0.4444
vn 0.3794 0.8970 -0.2271
vn 0.8150 -0.3125 -0.4879
vn 0.5653 -0.8022 -0.1920
vn 0.7020 0.6710 -0.2385
vn 0.7020 -0.6710 -0.2385
vn 0.5653 0.8022 -0.1920
vn 0.8157 -0.5078 -0.2771
vn 0.4130 0.8999 -0.1403
vn 0.8979 -0.3173 -0.3051
vn 0.2511 0.9642 -0.0853
vn 0.9413 -0.1080 -0.3198
vn 0.0842 -0.9960 -0.0286
vn 0.0842 0.9960 -0.0286
vn 0.9413 0.1080 -0.3198
vn 0.2511 -0.9642 -0.0853
vn 0.8979 0.3173 -0.3051
vn 0.4130 -0.8999 -0.1403
vn 0.8157 0.5078 -0.2771
vn 0.9880 -0.1090 -0.1090
vn 0.0876 -0.9961 -0.0097
vn 0.0876 0.9961 -0.0097
vn 0.9880 0.1090 -0.1090
vn 0.2613 -0.9648 -0.0288
vn 0.9417 0.3199 -0.1039
vn 0.4302 -0.9015 -0.0475
vn 0.8542 0.5114 -0.0942
vn 0.5898 -0.8049 -0.0651
vn 0.7338 0.6745 -0.0809
vn 0.7338 -0.6745 -0.0809
vn 0.5898 0.8049 -0.0651
vn 0.8542 -0.5114 -0.0942
vn 0.4302 0.9015 -0.0475
vn 0.9417 -0.3199 -0.1039
vn 0.2613 0.9648 -0.0288
vn 0.7338 0.6745 0.0809
vn 0.7338 -0.6745 0.0809
vn 0.5898 0.8049 0.0651
vn 0.8542 -0.5114 0.0942
vn 0.4302 0.9015 0.0475
vn 0.9417 -0.3199 0.1039
vn 0.2613 0.9648 0.0288
vn 0.9880 -0.1090 0.1090
vn 0.0876 -0.9961 0.0097
vn 0.0876 0.9961 0.0097
vn 0.9880 0.1090 0.1090
vn 0.2613 -0.9648 0.0288
vn 0.9417 0.3199 0.1039
vn 0.4302 -0.9015 0.0475
vn 0.8542 0.5114 0.0942
vn 0.5898 -0.8049 0.0651
vn 0.0842 0.9960 0.0286
vn 0.9413 0.1080 0.3198
vn 0.2511 -0.9642 0.0853
vn 0.8979 0.3173 0.3051
vn 0.4130 -0.8999 0.1403
vn 0.8157 0.5078 0.2771
vn 0.5653 -0.8022 0.1920
vn 0.7020 0.6710 0.2385
vn 0.7020 -0.6710 0.2385
vn 0.5653 0.8022 0.1920
vn 0.8157 -0.5078 0.2771
vn 0.4130 0.8999 0.1403
vn 0.8979 -0.3173 0.3051
vn 0.2511 0.9642 0.0853
vn 0.9413 -0.1080 0.3198
vn 0.0842 -0.9960 0.0286
vn 0.5178 0.7974 0.3100
vn 0.7423 -0.5015 0.4444
vn 0.3793 0.8970 0.2271
vn 0.8150 -0.3125 0.4879
vn 0.2312 0.9630 0.1384
vn 0.8532 -0.1062 0.5107
vn 0.0776 -0.9959 0.0465
vn 0.0776 0.9959 0.0465
vn 0.8532 0.1062 0.5107
vn 0.2311 -0.9630 0.1384
vn 0.8150 0.3125 0.4879
vn 0.3794 -0.8969 0.2271
vn 0.7423 0.5015 0.4444
vn 0.5178 -0.7974 0.3100
vn 0.6410 0.6648 0.3837
vn 0.6410 -0.6648 0.3837
vn 0.2023 -0.9615 0.1859
vn 0.7008 0.3065 0.6441
vn 0.3311 -0.8932 0.3043
vn 0.6403 0.4935 0.5886
vn 0.4503 -0.7912 0.4139
vn 0.5551 0.6569 0.5102
vn 0.5551 -0.6569 0.5102
vn 0.4503 0.7912 0.4139
vn 0.6403 -0.4935 0.5886
vn 0.3311 0.8932 0.3043
vn 0.7008 -0.3065 0.6441
vn 0.2023 0.9615 0.1859
vn 0.7322 -0.1040 0.6731
vn 0.0680 -0.9957 0.0625
vn 0.0680 0.9957 0.0625
vn 0.7322 0.1040 0.6731
vn 0.5168 -0.4853 0.7053
vn 0.2705 0.8891 0.3692
vn 0.5638 -0.3005 0.7694
vn 0.1657 0.9599 0.2262
vn 0.5880 -0.1017 0.8024
vn 0.0558 -0.9955 0.0762
vn 0.0558 0.9955 0.0762
vn 0.5880 0.1017 0.8024
vn 0.1657 -0.9599 0.2262
vn 0.5638 0.3005 0.7694
vn 0.2705 -0.8891 0.3692
vn 0.5168 0.4853 0.7053
vn 0.3665 -0.7846 0.5001
vn 0.4499 0.6486 0.6139
vn 0.4499 -0.6486 0.6139
vn 0.3665 0.7846 0.5001
vn 0.4115 0.2952 0.8623
vn 0.2002 -0.8855 0.4194
vn 0.3783 0.4781 0.7927
vn 0.2703 -0.7786 0.5663
vn 0.3305 0.6413 0.6925
vn 0.3305 -0.6413 0.6925
vn 0.2703 0.7786 0.5663
vn 0.3783 -0.4781 0.7927
vn 0.2002 0.8854 0.4194
vn 0.4115 -0.2952 0.8623
vn 0.1230 0.9584 0.2576
vn 0.4286 -0.0998 0.8980
vn 0.0415 -0.9954 0.0869
vn 0.0415 0.9954 0.0869
vn 0.4286 0.0998 0.8980
vn 0.1230 -0.9584 0.2576
vn 0.1229 0.8827 0.4537
vn 0.2501 -0.2913 0.9234
vn 0.0756 0.9572 0.2792
vn 0.2602 -0.0984 0.9605
vn 0.0256 -0.9952 0.0943
vn 0.0255 0.9952 0.0943
vn 0.2602 0.0984 0.9605
vn 0.0756 -0.9572 0.2792
vn 0.2501 0.2913 0.9234
vn 0.1229 -0.8827 0.4537
vn 0.2304 0.4728 0.8505
vn 0.1655 -0.7742 0.6109
vn 0.2018 0.6358 0.7450
vn 0.2018 -0.6358 0.7450
vn 0.1655 0.7742 0.6109
vn 0.2304 -0.4728 0.8505
vn 0.0414 -0.8812 0.4710
vn 0.0773 0.4700 0.8793
vn 0.0557 -0.7718 0.6334
vn 0.0678 0.6329 0.7712
vn 0.0678 -0.6329 0.7712
vn 0.0557 0.7718 0.6334
vn 0.0773 -0.4700 0.8793
vn 0.0414 0.8812 0.4710
vn 0.0839 -0.2893 0.9536
vn 0.0255 0.9566 0.2902
vn 0.0872 -0.0976 0.9914
vn 0.0086 -0.9951 0.0980
vn 0.0086 0.9951 0.0980
vn 0.0872 0.0976 0.9914
vn 0.0255 -0.9566 0.2902
vn 0.0839 0.2893 0.9536
vn -0.0004 -1.0000 0.0007
vt 0.000000 0.000000
vt 0.750000 0.625000
vt 0.750000 0.687500
vt 0.718750 0.687500
vt 0.718750 0.625000
vt 0.750000 0.125000
vt 0.750000 0.187500
vt 0.718750 0.187500
vt 0.718750 0.125000
vt 0.750000 0.562500
vt 0.718750 0.562500
vt 0.750000 0.062500
vt 0.718750 0.062500
vt 0.750000 0.500000
vt 0.718750 0.500000
vt 0.750000 0.937500
vt 0.734375 1.000000
vt 0.718750 0.937500
vt 0.734375 0.000000
vt 0.750000 0.437500
vt 0.718750 0.437500
vt 0.750000 0.875000
vt 0.718750 0.875000
vt 0.750000 0.375000
vt 0.718750 0.375000
vt 0.750000 0.812500
vt 0.718750 0.812500
vt 0.750000 0.312500
vt 0.718750 0.312500
vt 0.750000 0.750000
vt 0.718750 0.750000
vt 0.750000 0.250000
vt 0.718750 0.250000
vt 0.687500 0.312500
vt 0.687500 0.250000
vt 0.687500 0.750000
vt 0.687500 0.687500
vt 0.687500 0.187500
vt 0.687500 0.625000
vt 0.687500 0.125000
vt 0.687500 0.562500
vt 0.687500 0.062500
vt 0.687500 0.500000
vt 0.703125 1.000000
vt 0.687500 0.937500
vt 0.703125 0.000000
vt 0.687500 0.437500
vt 0.687500 0.875000
vt 0.687500 0.375000
vt 0.687500 0.812500
vt 0.671875 0.000000
vt 0.656250 0.062500
vt 0.656250 0.500000
vt 0.656250 0.437500
vt 0.656250 0.937500
vt 0.656250 0.875000
vt 0.656250 0.375000
vt 0.656250 0.812500
vt 0.656250 0.312500
vt 0.656250 0.750000
vt 0.656250 0.250000
vt 0.656250 0.687500
vt 0.656250 0.187500
vt 0.656250 0.625000
vt 0.656250 0.125000
vt 0.656250 0.562500
vt 0.671875 1.000000
vt 0.625000 0.250000
vt 0.625000 0.187500
vt 0.625000 0.687500
vt 0.625000 0.625000
vt 0.625000 0.125000
vt 0.625000 0.562500
vt 0.625000 0.062500
vt 0.625000 0.500000
vt 0.640625 1.000000
vt 0.625000 0.937500
vt 0.640625 0.000000
vt 0.625000 0.437500
vt 0.625000 0.875000
vt 0.625000 0.375000
vt 0.625000 0.812500
vt 0.625000 0.312500
vt 0.625000 0.750000
vt 0.593750 0.937500
vt 0.593750 0.875000
vt 0.593750 0.437500
vt 0.593750 0.375000
vt 0.593750 0.812500
vt 0.593750 0.312500
vt 0.593750 0.750000
vt 0.593750 0.250000
vt 0.593750 0.687500
vt 0.593750 0.187500
vt 0.593750 0.625000
vt 0.593750 0.125000
vt 0.593750 0.562500
vt 0.593750 0.062500
vt 0.593750 0.500000
vt 0.609375 1.000000
vt 0.609375 0.000000
vt 0.562500 0.687500
vt 0.562500 0.625000
vt 0.562500 0.187500
vt 0.562500 0.125000
vt 0.562500 0.562500
vt 0.562500 0.062500
vt 0.562500 0.500000
vt 0.578125 1.000000
vt 0.562500 0.937500
vt 0.578125 0.000000
vt 0.562500 0.437500
vt 0.562500 0.875000
vt 0.562500 0.375000
vt 0.562500 0.812500
vt 0.562500 0.312500
vt 0.562500 0.750000
vt 0.562500 0.250000
vt 0.531250 0.437500
vt 0.531250 0.375000
vt 0.531250 0.875000
vt 0.531250 0.812500
vt 0.531250 0.312500
vt 0.531250 0.750000
vt 0.531250 0.250000
vt 0.531250 0.687500
vt 0.531250 0.187500
vt 0.531250 0.625000
vt 0.531250 0.125000
vt 0.531250 0.562500
vt 0.531250 0.062500
vt 0.531250 0.500000
vt 0.546875 1.000000
vt 0.531250 0.937500
vt 0.546875 0.000000
vt 0.500000 0.187500
vt 0.500000 0.125000
vt 0.500000 0.625000
vt 0.500000 0.562500
vt 0.500000 0.062500
vt 0.500000 0.500000
vt 0.515625 1.000000
vt 0.500000 0.937500
vt 0.515625 0.000000
vt 0.500000 0.437500
vt 0.500000 0.875000
vt 0.500000 0.375000
vt 0.500000 0.812500
vt 0.500000 0.312500
vt 0.500000 0.750000
vt 0.500000 0.250000
vt 0.500000 0.687500
vt 0.468750 0.875000
vt 0.468750 0.812500
vt 0.468750 0.375000
vt 0.468750 0.312500
vt 0.468750 0.750000
vt 0.468750 0.250000
vt 0.468750 0.687500
vt 0.468750 0.187500
vt 0.468750 0.625000
vt 0.468750 0.125000
vt 0.468750 0.562500
vt 0.468750 0.062500
vt 0.468750 0.500000
vt 0.484375 1.000000
vt 0.468750 0.937500
vt 0.484375 0.000000
vt 0.468750 0.437500
vt 0.437500 0.625000
vt 0.437500 0.562500
vt 0.437500 0.125000
vt 0.437500 0.062500
vt 0.437500 0.500000
vt 0.453125 1.000000
vt 0.437500 0.937500
vt 0.453125 0.000000
vt 0.437500 0.437500
vt 0.437500 0.875000
vt 0.437500 0.375000
vt 0.437500 0.812500
vt 0.437500 0.312500
vt 0.437500 0.750000
vt 0.437500 0.250000
vt 0.437500 0.687500
vt 0.437500 0.187500
vt 0.406250 0.375000
vt 0.406250 0.312500
vt 0.406250 0.812500
vt 0.406250 0.750000
vt 0.406250 0.250000
vt 0.406250 0.687500
vt 0.406250 0.187500
vt 0.406250 0.625000
vt 0.406250 0.125000
vt 0.406250 0.562500
vt 0.406250 0.062500
vt 0.406250 0.500000
vt 0.421875 1.000000
vt 0.406250 0.937500
vt 0.421875 0.000000
vt 0.406250 0.437500
vt 0.406250 0.875000
vt 0.375000 0.125000
vt 0.375000 0.062500
vt 0.375000 0.562500
vt 0.375000 0.500000
vt 0.390625 1.000000
vt 0.375000 0.937500
vt 0.390625 0.000000
vt 0.375000 0.437500
vt 0.375000 0.875000
vt 0.375000 0.375000
vt 0.375000 0.812500
vt 0.375000 0.312500
vt 0.375000 0.750000
vt 0.375000 0.250000
vt 0.375000 0.687500
vt 0.375000 0.187500
vt 0.375000 0.625000
vt 0.359375 1.000000
vt 0.343750 0.937500
vt 0.359375 0.000000
vt 0.343750 0.062500
vt 0.343750 0.500000
vt 0.343750 0.437500
vt 0.343750 0.875000
vt 0.343750 0.375000
vt 0.343750 0.812500
vt 0.343750 0.312500
vt 0.343750 0.750000
vt 0.343750 0.250000
vt 0.343750 0.687500
vt 0.343750 0.187500
vt 0.343750 0.625000
vt 0.343750 0.125000
vt 0.343750 0.562500
vt 0.312500 0.750000
vt 0.312500 0.687500
vt 0.312500 0.250000
vt 0.312500 0.187500
vt 0.312500 0.625000
vt 0.312500 0.125000
vt 0.312500 0.562500
vt 0.312500 0.062500
vt 0.312500 0.500000
vt 0.328125 1.000000
vt 0.312500 0.937500
vt 0.328125 0.000000
vt 0.312500 0.437500
vt 0.312500 0.875000
vt 0.312500 0.375000
vt 0.312500 0.812500
vt 0.312500 0.312500
vt 0.281250 0.500000
vt 0.281250 0.437500
vt 0.281250 0.937500
vt 0.281250 0.875000
vt 0.281250 0.375000
vt 0.281250 0.812500
vt 0.281250 0.312500
vt 0.281250 0.750000
vt 0.281250 0.250000
vt 0.281250 0.687500
vt 0.281250 0.187500
vt 0.281250 0.625000
vt 0.281250 0.125000
vt 0.281250 0.562500
vt 0.281250 0.062500
vt 0.296875 1.000000
vt 0.296875 0.000000
vt 0.250000 0.250000
vt 0.250000 0.187500
vt 0.250000 0.687500
vt 0.250000 0.625000
vt 0.250000 0.125000
vt 0.250000 0.562500
vt 0.250000 0.062500
vt 0.250000 0.500000
vt 0.265625 1.000000
vt 0.250000 0.937500
vt 0.265625 0.000000
vt 0.250000 0.437500
vt 0.250000 0.875000
vt 0.250000 0.375000
vt 0.250000 0.812500
vt 0.250000 0.312500
vt 0.250000 0.750000
vt 0.218750 0.437500
vt 0.218750 0.375000
vt 0.218750 0.875000
vt 0.218750 0.812500
vt 0.218750 0.312500
vt 0.218750 0.750000
vt 0.218750 0.250000
vt 0.218750 0.687500
vt 0.218750 0.187500
vt 0.218750 0.625000
vt 0.218750 0.125000
vt 0.218750 0.562500
vt 0.218750 0.062500
vt 0.218750 0.500000
vt 0.234375 1.000000
vt 0.218750 0.937500
vt 0.234375 0.000000
vt 0.187500 0.187500
vt 0.187500 0.125000
vt 0.187500 0.625000
vt 0.187500 0.562500
vt 0.187500 0.062500
vt 0.187500 0.500000
vt 0.203125 1.000000
vt 0.187500 0.937500
vt 0.203125 0.000000
vt 0.187500 0.437500
vt 0.187500 0.875000
vt 0.187500 0.375000
vt 0.187500 0.812500
vt 0.187500 0.312500
vt 0.187500 0.750000
vt 0.187500 0.250000
vt 0.187500 0.687500
vt 0.156250 0.875000
vt 0.156250 0.812500
vt 0.156250 0.375000
vt 0.156250 0.312500
vt 0.156250 0.750000
vt 0.156250 0.250000
vt 0.156250 0.687500
vt 0.156250 0.187500
vt 0.156250 0.625000
vt 0.156250 0.125000
vt 0.156250 0.562500
vt 0.156250 0.062500
vt 0.156250 0.500000
vt 0.171875 1.000000
vt 0.156250 0.937500
vt 0.171875 0.000000
vt 0.156250 0.437500
vt 0.125000 0.625000
vt 0.125000 0.562500
vt 0.125000 0.125000
vt 0.125000 0.062500
vt 0.125000 0.500000
vt 0.140625 1.000000
vt 0.125000 0.937500
vt 0.140625 0.000000
vt 0.125000 0.437500
vt 0.125000 0.875000
vt 0.125000 0.375000
vt 0.125000 0.812500
vt 0.125000 0.312500
vt 0.125000 0.750000
vt 0.125000 0.250000
vt 0.125000 0.687500
vt 0.125000 0.187500
vt 0.093750 0.375000
vt 0.093750 0.312500
vt 0.093750 0.812500
vt 0.093750 0.750000
vt 0.093750 0.250000
vt 0.093750 0.687500
vt 0.093750 0.187500
vt 0.093750 0.625000
vt 0.093750 0.125000
vt 0.093750 0.562500
vt 0.093750 0.062500
vt 0.093750 0.500000
vt 0.109375 1.000000
vt 0.093750 0.937500
vt 0.109375 0.000000
vt 0.093750 0.437500
vt 0.093750 0.875000
vt 0.062500 0.125000
vt 0.062500 0.062500
vt 0.062500 0.562500
vt 0.062500 0.500000
vt 0.078125 1.000000
vt 0.062500 0.937500
vt 0.078125 0.000000
vt 0.062500 0.437500
vt 0.062500 0.875000
vt 0.062500 0.375000
vt 0.062500 0.812500
vt 0.062500 0.312500
vt 0.062500 0.750000
vt 0.062500 0.250000
vt 0.062500 0.687500
vt 0.062500 0.187500
vt 0.062500 0.625000
vt 0.031250 0.812500
vt 0.031250 0.750000
vt 0.031250 0.312500
vt 0.031250 0.250000
vt 0.031250 0.687500
vt 0.031250 0.187500
vt 0.031250 0.625000
vt 0.031250 0.125000
vt 0.031250 0.562500
vt 0.031250 0.062500
vt 0.031250 0.500000
vt 0.046875 1.000000
vt 0.031250 0.937500
vt 0.046875 0.000000
vt 0.031250 0.437500
vt 0.031250 0.875000
vt 0.031250 0.375000
vt 0.000000 0.562500
vt 0.000000 0.500000
vt 0.015625 1.000000
vt 0.000000 0.937500
vt 0.015625 0.000000
vt 0.000000 0.062500
vt 0.000000 0.437500
vt 0.000000 0.875000
vt 0.000000 0.375000
vt 0.000000 0.812500
vt 0.000000 0.312500
vt 0.000000 0.750000
vt 0.000000 0.250000
vt 0.000000 0.687500
vt 0.000000 0.187500
vt 0.000000 0.625000
vt 0.000000 0.125000
vt 1.000000 0.250000
vt 1.000000 0.312500
vt 0.968750 0.312500
vt 0.968750 0.250000
vt 1.000000 0.687500
vt 1.000000 0.750000
vt 0.968750 0.750000
vt 0.968750 0.687500
vt 1.000000 0.187500
vt 0.968750 0.187500
vt 1.000000 0.625000
vt 0.968750 0.625000
vt 1.000000 0.125000
vt 0.968750 0.125000
vt 1.000000 0.562500
vt 0.968750 0.562500
vt 1.000000 0.062500
vt 0.968750 0.062500
vt 1.000000 0.500000
vt 0.968750 0.500000
vt 1.000000 0.937500
vt 0.984375 1.000000
vt 0.968750 0.937500
vt 0.984375 0.000000
vt 1.000000 0.437500
vt 0.968750 0.437500
vt 1.000000 0.875000
vt 0.968750 0.875000
vt 1.000000 0.375000
vt 0.968750 0.375000
vt 1.000000 0.812500
vt 0.968750 0.812500
vt 0.953125 0.000000
vt 0.937500 0.062500
vt 0.937500 0.500000
vt 0.937500 0.437500
vt 0.937500 0.937500
vt 0.937500 0.875000
vt 0.937500 0.375000
vt 0.937500 0.812500
vt 0.937500 0.312500
vt 0.937500 0.750000
vt 0.937500 0.250000
vt 0.937500 0.687500
vt 0.937500 0.187500
vt 0.937500 0.625000
vt 0.937500 0.125000
vt 0.937500 0.562500
vt 0.953125 1.000000
vt 0.906250 0.250000
vt 0.906250 0.187500
vt 0.906250 0.687500
vt 0.906250 0.625000
vt 0.906250 0.125000
vt 0.906250 0.562500
vt 0.906250 0.062500
vt 0.906250 0.500000
vt 0.921875 1.000000
vt 0.906250 0.937500
vt 0.921875 0.000000
vt 0.906250 0.437500
vt 0.906250 0.875000
vt 0.906250 0.375000
vt 0.906250 0.812500
vt 0.906250 0.312500
vt 0.906250 0.750000
vt 0.875000 0.937500
vt 0.875000 0.875000
vt 0.875000 0.437500
vt 0.875000 0.375000
vt 0.875000 0.812500
vt 0.875000 0.312500
vt 0.875000 0.750000
vt 0.875000 0.250000
vt 0.875000 0.687500
vt 0.875000 0.187500
vt 0.875000 0.625000
vt 0.875000 0.125000
vt 0.875000 0.562500
vt 0.875000 0.062500
vt 0.875000 0.500000
vt 0.890625 1.000000
vt 0.890625 0.000000
vt 0.843750 0.687500
vt 0.843750 0.625000
vt 0.843750 0.187500
vt 0.843750 0.125000
vt 0.843750 0.562500
vt 0.843750 0.062500
vt 0.843750 0.500000
vt 0.859375 1.000000
vt 0.843750 0.937500
vt 0.859375 0.000000
vt 0.843750 0.437500
vt 0.843750 0.875000
vt 0.843750 0.375000
vt 0.843750 0.812500
vt 0.843750 0.312500
vt 0.843750 0.750000
vt 0.843750 0.250000
vt 0.812500 0.437500
vt 0.812500 0.375000
vt 0.812500 0.875000
vt 0.812500 0.812500
vt 0.812500 0.312500
vt 0.812500 0.750000
vt 0.812500 0.250000
vt 0.812500 0.687500
vt 0.812500 0.187500
vt 0.812500 0.625000
vt 0.812500 0.125000
vt 0.812500 0.562500
vt 0.812500 0.062500
vt 0.812500 0.500000
vt 0.828125 1.000000
vt 0.812500 0.937500
vt 0.828125 0.000000
vt 0.781250 0.187500
vt 0.781250 0.125000
vt 0.781250 0.625000
vt 0.781250 0.562500
vt 0.781250 0.062500
vt 0.781250 0.500000
vt 0.796875 1.000000
vt 0.781250 0.937500
vt 0.796875 0.000000
vt 0.781250 0.437500
vt 0.781250 0.875000
vt 0.781250 0.375000
vt 0.781250 0.812500
vt 0.781250 0.312500
vt 0.781250 0.750000
vt 0.781250 0.250000
vt 0.781250 0.687500
vt 0.765625 1.000000
vt 0.765625 0.000000
s 0
f 21/1/1 53/1/1 52/1/1 20/1/1
f 8/1/1 40/1/1 39/1/1 7/1/1
f 22/1/1 54/1/1 53/1/1 21/1/1
f 9/1/1 41/1/1 40/1/1 8/1/1
f 23/1/1 55/1/1 54/1/1 22/1/1
f 10/1/1 42/1/1 41/1/1 9/1/1
f 24/1/1 56/1/1 55/1/1 23/1/1
f 11/1/1 43/1/1 42/1/1 10/1/1
f 25/1/1 57/1/1 56/1/1 24/1/1
f 12/1/1 44/1/1 43/1/1 11/1/1
f 26/1/1 58/1/1 57/1/1 25/1/1
f 13/1/1 45/1/1 44/1/1 12/1/1
f 27/1/1 59/1/1 58/1/1 26/1/1
f 14/1/1 46/1/1 45/1/1 13/1/1
f 28/1/1 60/1/1 59/1/1 27/1/1
f 15/1/1 47/1/1 46/1/1 14/1/1
f 2/1/1 34/1/1 33/1/1 1/1/1
f 29/1/1 61/1/1 60/1/1 28/1/1
f 16/1/1 48/1/1 47/1/1 15/1/1
f 3/1/1 35/1/1 34/1/1 2/1/1
f 30/1/1 62/1/1 61/1/1 29/1/1
f 17/1/1 49/1/1 48/1/1 16/1/1
f 4/1/1 36/1/1 35/1/1 3/1/1
f 31/1/1 63/1/1 62/1/1 30/1/1
f 18/1/1 50/1/1 49/1/1 17/1/1
f 5/1/1 37/1/1 36/1/1 4/1/1
f 32/1/1 64/1/1 63/1/1 31/1/1
f 19/1/1 51/1/1 50/1/1 18/1/1
f 6/1/1 38/1/1 37/1/1 5/1/1
f 1/1/1 33/1/1 64/1/1 32/1/1
f 20/1/1 52/1/1 51/1/1 19/1/1
f 7/1/1 39/1/1 38/1/1 6/1/1
f 34/1/2 66/1/2 65/1/2 33/1/2
f 61/1/3 93/1/3 92/1/3 60/1/3
f 48/1/4 80/1/4 79/1/4 47/1/4
f 35/1/5 67/1/5 66/1/5 34/1/5
f 62/1/6 94/1/6 93/1/6 61/1/6
f 49/1/7 81/1/7 80/1/7 48/1/7
f 36/1/8 68/1/8 67/1/8 35/1/8
f 63/1/9 95/1/9 94/1/9 62/1/9
f 50/1/10 82/1/10 81/1/10 49/1/10
f 37/1/11 69/1/11 68/1/11 36/1/11
f 64/1/12 96/1/12 95/1/12 63/1/12
f 51/1/13 83/1/13 82/1/13 50/1/13
f 38/1/14 70/1/14 69/1/14 37/1/14
f 33/1/15 65/1/15 96/1/15 64/1/15
f 52/1/16 84/1/16 83/1/16 51/1/16
f 39/1/17 71/1/17 70/1/17 38/1/17
f 53/1/18 85/1/18 84/1/18 52/1/18
f 40/1/19 72/1/19 71/1/19 39/1/19
f 54/1/20 86/1/20 85/1/20 53/1/20
f 41/1/21 73/1/21 72/1/21 40/1/21
f 55/1/22 87/1/22 86/1/22 54/1/22
f 42/1/23 74/1/23 73/1/23 41/1/23
f 56/1/24 88/1/24 87/1/24 55/1/24
f 43/1/25 75/1/25 74/1/25 42/1/25
f 57/1/26 89/1/26 88/1/26 56/1/26
f 44/1/27 76/1/27 75/1/27 43/1/27
f 58/1/28 90/1/28 89/1/28 57/1/28
f 45/1/29 77/1/29 76/1/29 44/1/29
f 59/1/30 91/1/30 90/1/30 58/1/30
f 46/1/31 78/1/31 77/1/31 45/1/31
f 60/1/32 92/1/32 91/1/32 59/1/32
f 47/1/33 79/1/33 78/1/33 46/1/33
f 77/1/1 109/1/1 108/1/1 76/1/1
f 91/1/1 123/1/1 122/1/1 90/1/1
f 78/1/1 110/1/1 109/1/1 77/1/1
f 92/1/1 124/1/1 123/1/1 91/1/1
f 79/1/1 111/1/1 110/1/1 78/1/1
f 66/1/1 98/1/1 97/1/1 65/1/1
f 93/1/1 125/1/1 124/1/1 92/1/1
f 80/1/1 112/1/1 111/1/1 79/1/1
f 67/1/1 99/1/1 98/1/1 66/1/1
f 94/1/1 126/1/1 125/1/1 93/1/1
f 81/1/1 113/1/1 112/1/1 80/1/1
f 68/1/1 100/1/1 99/1/1 67/1/1
f 95/1/1 127/1/1 126/1/1 94/1/1
f 82/1/1 114/1/1 113/1/1 81/1/1
f 69/1/1 101/1/1 100/1/1 68/1/1
f 96/1/1 128/1/1 127/1/1 95/1/1
f 83/1/1 115/1/1 114/1/1 82/1/1
f 70/1/1 102/1/1 101/1/1 69/1/1
f 65/1/1 97/1/1 128/1/1 96/1/1
f 84/1/1 116/1/1 115/1/1 83/1/1
f 71/1/1 103/1/1 102/1/1 70/1/1
f 85/1/1 117/1/1 116/1/1 84/1/1
f 72/1/1 104/1/1 103/1/1 71/1/1
f 86/1/1 118/1/1 117/1/1 85/1/1
f 73/1/1 105/1/1 104/1/1 72/1/1
f 87/1/1 119/1/1 118/1/1 86/1/1
f 74/1/1 106/1/1 105/1/1 73/1/1
f 88/1/1 120/1/1 119/1/1 87/1/1
f 75/1/1 107/1/1 106/1/1 74/1/1
f 89/1/1 121/1/1 120/1/1 88/1/1
f 76/1/1 108/1/1 107/1/1 75/1/1
f 90/1/1 122/1/1 121/1/1 89/1/1
f 47/1/1 143/1/1 144/1/1 48/1/1
f 115/1/1 179/1/1 178/1/1 114/1/1
f 48/1/1 144/1/1 145/1/1 49/1/1
f 116/1/1 180/1/1 179/1/1 115/1/1
f 117/1/1 181/1/1 180/1/1 116/1/1
f 49/1/1 145/1/1 146/1/1 50/1/1
f 118/1/1 182/1/1 181/1/1 117/1/1
f 50/1/1 146/1/1 147/1/1 51/1/1
f 119/1/1 183/1/1 182/1/1 118/1/1
f 51/1/1 147/1/1 148/1/1 52/1/1
f 120/1/1 184/1/1 183/1/1 119/1/1
f 52/1/1 148/1/1 149/1/1 53/1/1
f 121/1/1 185/1/1 184/1/1 120/1/1
f 53/1/1 149/1/1 150/1/1 54/1/1
f 122/1/1 186/1/1 185/1/1 121/1/1
f 54/1/1 150/1/1 151/1/1 55/1/1
f 123/1/1 187/1/1 186/1/1 122/1/1
f 55/1/1 151/1/1 152/1/1 56/1/1
f 124/1/1 188/1/1 187/1/1 123/1/1
f 56/1/1 152/1/1 153/1/1 57/1/1
f 98/1/1 162/1/1 161/1/1 97/1/1
f 125/1/1 189/1/1 188/1/1 124/1/1
f 57/1/1 153/1/1 154/1/1 58/1/1
f 99/1/1 163/1/1 162/1/1 98/1/1
f 126/1/1 190/1/1 189/1/1 125/1/1
f 58/1/1 154/1/1 155/1/1 59/1/1
f 100/1/1 164/1/1 163/1/1 99/1/1
f 127/1/1 191/1/1 190/1/1 126/1/1
f 59/1/1 155/1/1 156/1/1 60/1/1
f 33/1/1 129/1/1 130/1/1 34/1/1
f 101/1/1 165/1/1 164/1/1 100/1/1
f 128/1/1 192/1/1 191/1/1 127/1/1
f 60/1/1 156/1/1 157/1/1 61/1/1
f 34/1/1 130/1/1 131/1/1 35/1/1
f 102/1/1 166/1/1 165/1/1 101/1/1
f 97/1/1 161/1/1 192/1/1 128/1/1
f 61/1/1 157/1/1 158/1/1 62/1/1
f 35/1/1 131/1/1 132/1/1 36/1/1
f 103/1/1 167/1/1 166/1/1 102/1/1
f 62/1/1 158/1/1 159/1/1 63/1/1
f 36/1/1 132/1/1 133/1/1 37/1/1
f 104/1/1 168/1/1 167/1/1 103/1/1
f 63/1/1 159/1/1 160/1/1 64/1/1
f 37/1/1 133/1/1 134/1/1 38/1/1
f 105/1/1 169/1/1 168/1/1 104/1/1
f 64/1/1 160/1/1 129/1/1 33/1/1
f 38/1/1 134/1/1 135/1/1 39/1/1
f 106/1/1 170/1/1 169/1/1 105/1/1
f 39/1/1 135/1/1 136/1/1 40/1/1
f 107/1/1 171/1/1 170/1/1 106/1/1
f 40/1/1 136/1/1 137/1/1 41/1/1
f 108/1/1 172/1/1 171/1/1 107/1/1
f 109/1/1 173/1/1 172/1/1 108/1/1
f 41/1/1 137/1/1 138/1/1 42/1/1
f 110/1/1 174/1/1 173/1/1 109/1/1
f 42/1/1 138/1/1 139/1/1 43/1/1
f 111/1/1 175/1/1 174/1/1 110/1/1
f 43/1/1 139/1/1 140/1/1 44/1/1
f 44/1/1 140/1/1 141/1/1 45/1/1
f 112/1/1 176/1/1 175/1/1 111/1/1
f 45/1/1 141/1/1 142/1/1 46/1/1
f 113/1/1 177/1/1 176/1/1 112/1/1
f 46/1/1 142/1/1 143/1/1 47/1/1
f 114/1/1 178/1/1 177/1/1 113/1/1
f 187/1/1 251/1/1 250/1/1 186/1/1
f 160/1/1 224/1/1 193/1/1 129/1/1
f 134/1/1 198/1/1 199/1/1 135/1/1
f 188/1/1 252/1/1 251/1/1 187/1/1
f 162/1/1 226/1/1 225/1/1 161/1/1
f 135/1/1 199/1/1 200/1/1 136/1/1
f 189/1/1 253/1/1 252/1/1 188/1/1
f 163/1/1 227/1/1 226/1/1 162/1/1
f 136/1/1 200/1/1 201/1/1 137/1/1
f 190/1/1 254/1/1 253/1/1 189/1/1
f 164/1/1 228/1/1 227/1/1 163/1/1
f 137/1/1 201/1/1 202/1/1 138/1/1
f 191/1/34 255/1/34 254/1/34 190/1/34
f 165/1/1 229/1/1 228/1/1 164/1/1
f 138/1/1 202/1/1 203/1/1 139/1/1
f 192/1/35 256/1/35 255/1/35 191/1/35
f 166/1/1 230/1/1 229/1/1 165/1/1
f 139/1/1 203/1/1 204/1/1 140/1/1
f 161/1/1 225/1/1 256/1/1 192/1/1
f 167/1/1 231/1/1 230/1/1 166/1/1
f 140/1/1 204/1/1 205/1/1 141/1/1
f 168/1/1 232/1/1 231/1/1 167/1/1
f 141/1/1 205/1/1 206/1/1 142/1/1
f 169/1/1 233/1/1 232/1/1 168/1/1
f 142/1/1 206/1/1 207/1/1 143/1/1
f 170/1/1 234/1/1 233/1/1 169/1/1
f 143/1/1 207/1/1 208/1/1 144/1/1
f 171/1/1 235/1/1 234/1/1 170/1/1
f 144/1/1 208/1/1 209/1/1 145/1/1
f 172/1/1 236/1/1 235/1/1 171/1/1
f 145/1/1 209/1/1 210/1/1 146/1/1
f 173/1/1 237/1/1 236/1/1 172/1/1
f 146/1/1 210/1/1 211/1/1 147/1/1
f 174/1/1 238/1/1 237/1/1 173/1/1
f 147/1/1 211/1/1 212/1/1 148/1/1
f 175/1/1 239/1/1 238/1/1 174/1/1
f 148/1/1 212/1/1 213/1/1 149/1/1
f 176/1/1 240/1/1 239/1/1 175/1/1
f 149/1/1 213/1/1 214/1/1 150/1/1
f 177/1/1 241/1/1 240/1/1 176/1/1
f 150/1/1 214/1/1 215/1/1 151/1/1
f 178/1/1 242/1/1 241/1/1 177/1/1
f 151/1/1 215/1/1 216/1/1 152/1/1
f 179/1/1 243/1/1 242/1/1 178/1/1
f 152/1/1 216/1/1 217/1/1 153/1/1
f 180/1/1 244/1/1 243/1/1 179/1/1
f 153/1/1 217/1/1 218/1/1 154/1/1
f 181/1/1 245/1/1 244/1/1 180/1/1
f 154/1/1 218/1/1 219/1/1 155/1/1
f 182/1/1 246/1/1 245/1/1 181/1/1
f 155/1/1 219/1/1 220/1/1 156/1/1
f 129/1/1 193/1/1 194/1/1 130/1/1
f 183/1/1 247/1/1 246/1/1 182/1/1
f 156/1/1 220/1/1 221/1/1 157/1/1
f 130/1/1 194/1/1 195/1/1 131/1/1
f 184/1/1 248/1/1 247/1/1 183/1/1
f 157/1/36 221/1/36 222/1/36 158/1/36
f 131/1/1 195/1/1 196/1/1 132/1/1
f 185/1/1 249/1/1 248/1/1 184/1/1
f 158/1/37 222/1/37 223/1/37 159/1/37
f 132/1/1 196/1/1 197/1/1 133/1/1
f 186/1/1 250/1/1 249/1/1 185/1/1
f 159/1/1 223/1/1 224/1/1 160/1/1
f 133/1/1 197/1/1 198/1/1 134/1/1
f 225/1/1 258/1/1 289/1/1 256/1/1
f 244/1/1 277/1/1 276/1/1 243/1/1
f 231/1/1 264/1/1 263/1/1 230/1/1
f 245/1/1 278/1/1 277/1/1 244/1/1
f 232/1/1 265/1/1 264/1/1 231/1/1
f 246/1/1 279/1/1 278/1/1 245/1/1
f 233/1/1 266/1/1 265/1/1 232/1/1
f 247/1/1 280/1/1 279/1/1 246/1/1
f 234/1/1 267/1/1 266/1/1 233/1/1
f 248/1/1 281/1/1 280/1/1 247/1/1
f 235/1/1 268/1/1 267/1/1 234/1/1
f 249/1/1 282/1/1 281/1/1 248/1/1
f 236/1/1 269/1/1 268/1/1 235/1/1
f 250/1/1 283/1/1 282/1/1 249/1/1
f 237/1/1 270/1/1 269/1/1 236/1/1
f 251/1/1 284/1/1 283/1/1 250/1/1
f 238/1/1 271/1/1 270/1/1 237/1/1
f 252/1/1 285/1/1 284/1/1 251/1/1
f 239/1/1 272/1/1 271/1/1 238/1/1
f 226/1/1 259/1/1 258/1/1 225/1/1
f 253/1/1 286/1/1 285/1/1 252/1/1
f 240/1/1 273/1/1 272/1/1 239/1/1
f 227/1/1 260/1/1 259/1/1 226/1/1
f 254/1/1 287/1/1 286/1/1 253/1/1
f 241/1/1 274/1/1 273/1/1 240/1/1
f 228/1/1 261/1/1 260/1/1 227/1/1
f 234/1/1 267/1/1 290/1/1 257/1/1
f 255/1/38 288/1/38 287/1/38 254/1/38
f 242/1/1 275/1/1 274/1/1 241/1/1
f 229/1/1 262/1/1 261/1/1 228/1/1
f 256/1/39 289/1/39 288/1/39 255/1/39
f 243/1/1 276/1/1 275/1/1 242/1/1
f 230/1/1 263/1/1 262/1/1 229/1/1
f 260/1/40 293/1/40 292/1/40 259/1/40
f 287/1/41 320/1/41 319/1/41 286/1/41
f 274/1/42 307/1/42 306/1/42 273/1/42
f 261/1/43 294/1/43 293/1/43 260/1/43
f 288/1/44 321/1/44 320/1/44 287/1/44
f 275/1/45 308/1/45 307/1/45 274/1/45
f 262/1/46 295/1/46 294/1/46 261/1/46
f 289/1/47 322/1/47 321/1/47 288/1/47
f 276/1/48 309/1/48 308/1/48 275/1/48
f 263/1/49 296/1/49 295/1/49 262/1/49
f 258/1/50 291/1/50 322/1/50 289/1/50
f 277/1/51 310/1/51 309/1/51 276/1/51
f 264/1/52 297/1/52 296/1/52 263/1/52
f 267/1/53 300/1/53 323/1/53 290/1/53
f 278/1/54 311/1/54 310/1/54 277/1/54
f 265/1/55 298/1/55 297/1/55 264/1/55
f 279/1/56 312/1/56 311/1/56 278/1/56
f 266/1/57 299/1/57 298/1/57 265/1/57
f 280/1/58 313/1/58 312/1/58 279/1/58
f 267/1/59 300/1/59 299/1/59 266/1/59
f 281/1/60 314/1/60 313/1/60 280/1/60
f 268/1/61 301/1/61 300/1/61 267/1/61
f 282/1/62 315/1/62 314/1/62 281/1/62
f 269/1/63 302/1/63 301/1/63 268/1/63
f 283/1/64 316/1/64 315/1/64 282/1/64
f 270/1/65 303/1/65 302/1/65 269/1/65
f 284/1/66 317/1/66 316/1/66 283/1/66
f 271/1/67 304/1/67 303/1/67 270/1/67
f 285/1/68 318/1/68 317/1/68 284/1/68
f 272/1/69 305/1/69 304/1/69 271/1/69
f 259/1/70 292/1/70 291/1/70 258/1/70
f 286/1/71 319/1/71 318/1/71 285/1/71
f 273/1/72 306/1/72 305/1/72 272/1/72
f 294/1/73 327/1/73 326/1/73 293/1/73
f 321/1/74 354/1/74 353/1/74 320/1/74
f 308/1/75 341/1/75 340/1/75 307/1/75
f 295/1/76 328/1/76 327/1/76 294/1/76
f 322/1/77 355/1/77 354/1/77 321/1/77
f 309/1/78 342/1/78 341/1/78 308/1/78
f 296/1/79 329/1/79 328/1/79 295/1/79
f 291/1/80 324/1/80 355/1/80 322/1/80
f 310/1/81 343/1/81 342/1/81 309/1/81
f 297/1/82 330/1/82 329/1/82 296/1/82
f 300/1/83 333/1/83 356/1/83 323/1/83
f 311/1/84 344/1/84 343/1/84 310/1/84
f 298/1/85 331/1/85 330/1/85 297/1/85
f 312/1/86 345/1/86 344/1/86 311/1/86
f 299/1/87 332/1/87 331/1/87 298/1/87
f 313/1/88 346/1/88 345/1/88 312/1/88
f 300/1/89 333/1/89 332/1/89 299/1/89
f 314/1/90 347/1/90 346/1/90 313/1/90
f 301/1/91 334/1/91 333/1/91 300/1/91
f 315/1/92 348/1/92 347/1/92 314/1/92
f 302/1/93 335/1/93 334/1/93 301/1/93
f 316/1/94 349/1/94 348/1/94 315/1/94
f 303/1/95 336/1/95 335/1/95 302/1/95
f 317/1/96 350/1/96 349/1/96 316/1/96
f 304/1/97 337/1/97 336/1/97 303/1/97
f 318/1/98 351/1/98 350/1/98 317/1/98
f 305/1/99 338/1/99 337/1/99 304/1/99
f 292/1/100 325/1/100 324/1/100 291/1/100
f 319/1/101 352/1/101 351/1/101 318/1/101
f 306/1/102 339/1/102 338/1/102 305/1/102
f 293/1/103 326/1/103 325/1/103 292/1/103
f 320/1/104 353/1/104 352/1/104 319/1/104
f 307/1/105 340/1/105 339/1/105 306/1/105
f 328/1/1 361/1/1 360/1/1 327/1/1
f 355/1/1 388/1/1 387/1/1 354/1/1
f 342/1/1 375/1/1 374/1/1 341/1/1
f 329/1/1 362/1/1 361/1/1 328/1/1
f 324/1/1 357/1/1 388/1/1 355/1/1
f 343/1/1 376/1/1 375/1/1 342/1/1
f 330/1/1 363/1/1 362/1/1 329/1/1
f 333/1/1 366/1/1 389/1/1 356/1/1
f 344/1/1 377/1/1 376/1/1 343/1/1
f 331/1/1 364/1/1 363/1/1 330/1/1
f 345/1/1 378/1/1 377/1/1 344/1/1
f 332/1/1 365/1/1 364/1/1 331/1/1
f 346/1/1 379/1/1 378/1/1 345/1/1
f 333/1/1 366/1/1 365/1/1 332/1/1
f 347/1/1 380/1/1 379/1/1 346/1/1
f 334/1/1 367/1/1 366/1/1 333/1/1
f 348/1/1 381/1/1 380/1/1 347/1/1
f 335/1/1 368/1/1 367/1/1 334/1/1
f 349/1/1 382/1/1 381/1/1 348/1/1
f 336/1/1 369/1/1 368/1/1 335/1/1
f 350/1/1 383/1/1 382/1/1 349/1/1
f 337/1/1 370/1/1 369/1/1 336/1/1
f 351/1/1 384/1/1 383/1/1 350/1/1
f 338/1/1 371/1/1 370/1/1 337/1/1
f 325/1/1 358/1/1 357/1/1 324/1/1
f 352/1/1 385/1/1 384/1/1 351/1/1
f 339/1/1 372/1/1 371/1/1 338/1/1
f 326/1/1 359/1/1 358/1/1 325/1/1
f 353/1/1 386/1/1 385/1/1 352/1/1
f 340/1/1 373/1/1 372/1/1 339/1/1
f 327/1/1 360/1/1 359/1/1 326/1/1
f 354/1/1 387/1/1 386/1/1 353/1/1
f 341/1/1 374/1/1 373/1/1 340/1/1
f 362/1/106 395/1/106 394/1/106 361/1/106
f 357/1/107 390/1/107 421/1/107 388/1/107
f 376/1/108 409/1/108 408/1/108 375/1/108
f 363/1/109 396/1/109 395/1/109 362/1/109
f 366/1/110 399/1/110 422/1/110 389/1/110
f 377/1/111 410/1/111 409/1/111 376/1/111
f 364/1/112 397/1/112 396/1/112 363/1/112
f 378/1/113 411/1/113 410/1/113 377/1/113
f 365/1/114 398/1/114 397/1/114 364/1/114
f 379/1/115 412/1/115 411/1/115 378/1/115
f 366/1/116 399/1/116 398/1/116 365/1/116
f 380/1/117 413/1/117 412/1/117 379/1/117
f 367/1/118 400/1/118 399/1/118 366/1/118
f 381/1/119 414/1/119 413/1/119 380/1/119
f 368/1/120 401/1/120 400/1/120 367/1/120
f 382/1/121 415/1/121 414/1/121 381/1/121
f 369/1/122 402/1/122 401/1/122 368/1/122
f 383/1/123 416/1/123 415/1/123 382/1/123
f 370/1/124 403/1/124 402/1/124 369/1/124
f 384/1/125 417/1/125 416/1/125 383/1/125
f 371/1/126 404/1/126 403/1/126 370/1/126
f 358/1/127 391/1/127 390/1/127 357/1/127
f 385/1/128 418/1/128 417/1/128 384/1/128
f 372/1/129 405/1/129 404/1/129 371/1/129
f 359/1/130 392/1/130 391/1/130 358/1/130
f 386/1/131 419/1/131 418/1/131 385/1/131
f 373/1/132 406/1/132 405/1/132 372/1/132
f 360/1/133 393/1/133 392/1/133 359/1/133
f 387/1/134 420/1/134 419/1/134 386/1/134
f 374/1/135 407/1/135 406/1/135 373/1/135
f 361/1/136 394/1/136 393/1/136 360/1/136
f 388/1/137 421/1/137 420/1/137 387/1/137
f 375/1/138 408/1/138 407/1/138 374/1/138
f 396/1/139 429/1/139 428/1/139 395/1/139
f 399/1/140 432/1/140 455/1/140 422/1/140
f 410/1/141 443/1/141 442/1/141 409/1/141
f 397/1/142 430/1/142 429/1/142 396/1/142
f 411/1/143 444/1/143 443/1/143 410/1/143
f 398/1/144 431/1/144 430/1/144 397/1/144
f 412/1/145 445/1/145 444/1/145 411/1/145
f 399/1/146 432/1/146 431/1/146 398/1/146
f 413/1/147 446/1/147 445/1/147 412/1/147
f 400/1/148 433/1/148 432/1/148 399/1/148
f 414/1/149 447/1/149 446/1/149 413/1/149
f 401/1/150 434/1/150 433/1/150 400/1/150
f 415/1/151 448/1/151 447/1/151 414/1/151
f 402/1/152 435/1/152 434/1/152 401/1/152
f 416/1/153 449/1/153 448/1/153 415/1/153
f 403/1/154 436/1/154 435/1/154 402/1/154
f 417/1/155 450/1/155 449/1/155 416/1/155
f 404/1/156 437/1/156 436/1/156 403/1/156
f 391/1/157 424/1/157 423/1/157 390/1/157
f 418/1/158 451/1/158 450/1/158 417/1/158
f 405/1/159 438/1/159 437/1/159 404/1/159
f 392/1/160 425/1/160 424/1/160 391/1/160
f 419/1/161 452/1/161 451/1/161 418/1/161
f 406/1/162 439/1/162 438/1/162 405/1/162
f 393/1/163 426/1/163 425/1/163 392/1/163
f 420/1/164 453/1/164 452/1/164 419/1/164
f 407/1/165 440/1/165 439/1/165 406/1/165
f 394/1/166 427/1/166 426/1/166 393/1/166
f 421/1/167 454/1/167 453/1/167 420/1/167
f 408/1/168 441/1/168 440/1/168 407/1/168
f 395/1/169 428/1/169 427/1/169 394/1/169
f 390/1/170 423/1/170 454/1/170 421/1/170
f 409/1/171 442/1/171 441/1/171 408/1/171
f 430/1/172 463/1/172 462/1/172 429/1/172
f 444/1/173 477/1/173 476/1/173 443/1/173
f 431/1/174 464/1/174 463/1/174 430/1/174
f 445/1/175 478/1/175 477/1/175 444/1/175
f 432/1/174 465/1/174 464/1/174 431/1/174
f 446/1/175 479/1/175 478/1/175 445/1/175
f 433/1/176 466/1/176 465/1/176 432/1/176
f 447/1/177 480/1/177 479/1/177 446/1/177
f 434/1/178 467/1/178 466/1/178 433/1/178
f 448/1/177 481/1/177 480/1/177 447/1/177
f 435/1/179 468/1/179 467/1/179 434/1/179
f 449/1/180 482/1/180 481/1/180 448/1/180
f 436/1/179 469/1/179 468/1/179 435/1/179
f 450/1/180 483/1/180 482/1/180 449/1/180
f 437/1/181 470/1/181 469/1/181 436/1/181
f 424/1/182 457/1/182 456/1/182 423/1/182
f 451/1/183 484/1/183 483/1/183 450/1/183
f 438/1/184 471/1/184 470/1/184 437/1/184
f 425/1/185 458/1/185 457/1/185 424/1/185
f 452/1/183 485/1/183 484/1/183 451/1/183
f 439/1/186 472/1/186 471/1/186 438/1/186
f 426/1/187 459/1/187 458/1/187 425/1/187
f 453/1/188 486/1/188 485/1/188 452/1/188
f 440/1/186 473/1/186 472/1/186 439/1/186
f 427/1/189 460/1/189 459/1/189 426/1/189
f 454/1/188 487/1/188 486/1/188 453/1/188
f 441/1/190 474/1/190 473/1/190 440/1/190
f 428/1/189 461/1/189 460/1/189 427/1/189
f 423/1/182 456/1/182 487/1/182 454/1/182
f 442/1/191 475/1/191 474/1/191 441/1/191
f 429/1/192 462/1/192 461/1/192 428/1/192
f 432/1/193 465/1/193 488/1/193 455/1/193
f 443/1/173 476/1/173 475/1/173 442/1/173
f 464/1/194 497/1/194 496/1/194 463/1/194
f 478/1/195 511/1/195 510/1/195 477/1/195
f 465/1/196 498/1/196 497/1/196 464/1/196
f 479/1/197 512/1/197 511/1/197 478/1/197
f 466/1/198 499/1/198 498/1/198 465/1/198
f 480/1/199 513/1/199 512/1/199 479/1/199
f 467/1/200 500/1/200 499/1/200 466/1/200
f 481/1/201 514/1/201 513/1/201 480/1/201
f 468/1/202 501/1/202 500/1/202 467/1/202
f 482/1/203 515/1/203 514/1/203 481/1/203
f 469/1/204 502/1/204 501/1/204 468/1/204
f 483/1/205 516/1/205 515/1/205 482/1/205
f 470/1/206 503/1/206 502/1/206 469/1/206
f 457/1/207 490/1/207 489/1/207 456/1/207
f 484/1/208 517/1/208 516/1/208 483/1/208
f 471/1/209 504/1/209 503/1/209 470/1/209
f 458/1/210 491/1/210 490/1/210 457/1/210
f 485/1/211 518/1/211 517/1/211 484/1/211
f 472/1/212 505/1/212 504/1/212 471/1/212
f 459/1/213 492/1/213 491/1/213 458/1/213
f 486/1/214 519/1/214 518/1/214 485/1/214
f 473/1/215 506/1/215 505/1/215 472/1/215
f 460/1/216 493/1/216 492/1/216 459/1/216
f 487/1/217 520/1/217 519/1/217 486/1/217
f 474/1/218 507/1/218 506/1/218 473/1/218
f 461/1/219 494/1/219 493/1/219 460/1/219
f 456/1/220 489/1/220 520/1/220 487/1/220
f 475/1/221 508/1/221 507/1/221 474/1/221
f 462/1/222 495/1/222 494/1/222 461/1/222
f 465/1/223 498/1/223 521/1/223 488/1/223
f 476/1/224 509/1/224 508/1/224 475/1/224
f 463/1/225 496/1/225 495/1/225 462/1/225
f 477/1/226 510/1/226 509/1/226 476/1/226
f 498/1/227 531/1/227 530/1/227 497/1/227
f 512/1/228 545/1/228 544/1/228 511/1/228
f 499/1/229 532/1/229 531/1/229 498/1/229
f 513/1/230 546/1/230 545/1/230 512/1/230
f 500/1/231 533/1/231 532/1/231 499/1/231
f 514/1/232 547/1/232 546/1/232 513/1/232
f 501/1/233 534/1/233 533/1/233 500/1/233
f 515/1/234 548/1/234 547/1/234 514/1/234
f 502/1/235 535/1/235 534/1/235 501/1/235
f 516/1/236 549/1/236 548/1/236 515/1/236
f 503/1/237 536/1/237 535/1/237 502/1/237
f 490/1/238 523/1/238 522/1/238 489/1/238
f 517/1/239 550/1/239 549/1/239 516/1/239
f 504/1/240 537/1/240 536/1/240 503/1/240
f 491/1/241 524/1/241 523/1/241 490/1/241
f 518/1/242 551/1/242 550/1/242 517/1/242
f 505/1/243 538/1/243 537/1/243 504/1/243
f 492/1/244 525/1/244 524/1/244 491/1/244
f 519/1/245 552/1/245 551/1/245 518/1/245
f 506/1/246 539/1/246 538/1/246 505/1/246
f 493/1/247 526/1/247 525/1/247 492/1/247
f 520/1/248 553/1/248 552/1/248 519/1/248
f 507/1/249 540/1/249 539/1/249 506/1/249
f 494/1/250 527/1/250 526/1/250 493/1/250
f 489/1/251 522/1/251 553/1/251 520/1/251
f 508/1/252 541/1/252 540/1/252 507/1/252
f 495/1/253 528/1/253 527/1/253 494/1/253
f 498/1/254 531/1/254 554/1/254 521/1/254
f 509/1/255 542/1/255 541/1/255 508/1/255
f 496/1/256 529/1/256 528/1/256 495/1/256
f 510/1/257 543/1/257 542/1/257 509/1/257
f 497/1/258 530/1/258 529/1/258 496/1/258
f 511/1/259 544/1/259 543/1/259 510/1/259
f 532/1/1 565/1/1 564/1/1 531/1/1
f 546/1/260 579/1/260 578/1/260 545/1/260
f 533/1/1 566/1/1 565/1/1 532/1/1
f 547/1/1 580/1/1 579/1/1 546/1/1
f 534/1/1 567/1/1 566/1/1 533/1/1
f 548/1/1 581/1/1 580/1/1 547/1/1
f 535/1/1 568/1/1 567/1/1 534/1/1
f 549/1/1 582/1/1 581/1/1 548/1/1
f 536/1/1 569/1/1 568/1/1 535/1/1
f 523/1/1 556/1/1 555/1/1 522/1/1
f 550/1/1 583/1/1 582/1/1 549/1/1
f 537/1/1 570/1/1 569/1/1 536/1/1
f 524/1/1 557/1/1 556/1/1 523/1/1
f 551/1/1 584/1/1 583/1/1 550/1/1
f 538/1/1 571/1/1 570/1/1 537/1/1
f 525/1/1 558/1/1 557/1/1 524/1/1
f 552/1/1 585/1/1 584/1/1 551/1/1
f 539/1/1 572/1/1 571/1/1 538/1/1
f 526/1/1 559/1/1 558/1/1 525/1/1
f 553/1/1 586/1/1 585/1/1 552/1/1
f 540/1/1 573/1/1 572/1/1 539/1/1
f 527/1/1 560/1/1 559/1/1 526/1/1
f 522/1/1 555/1/1 586/1/1 553/1/1
f 541/1/1 574/1/1 573/1/1 540/1/1
f 528/1/1 561/1/1 560/1/1 527/1/1
f 531/1/1 564/1/1 587/1/1 554/1/1
f 542/1/1 575/1/1 574/1/1 541/1/1
f 529/1/1 562/1/1 561/1/1 528/1/1
f 543/1/1 576/1/1 575/1/1 542/1/1
f 530/1/1 563/1/1 562/1/1 529/1/1
f 544/1/1 577/1/1 576/1/1 543/1/1
f 531/1/1 564/1/1 563/1/1 530/1/1
f 545/1/261 578/1/261 577/1/261 544/1/261
f 566/1/262 599/1/262 598/1/262 565/1/262
f 580/1/263 613/1/263 612/1/263 579/1/263
f 567/1/264 600/1/264 599/1/264 566/1/264
f 581/1/265 614/1/265 613/1/265 580/1/265
f 568/1/266 601/1/266 600/1/266 567/1/266
f 582/1/267 615/1/267 614/1/267 581/1/267
f 569/1/268 602/1/268 601/1/268 568/1/268
f 556/1/269 589/1/269 588/1/269 555/1/269
f 583/1/270 616/1/270 615/1/270 582/1/270
f 570/1/271 603/1/271 602/1/271 569/1/271
f 557/1/272 590/1/272 589/1/272 556/1/272
f 584/1/273 617/1/273 616/1/273 583/1/273
f 571/1/274 604/1/274 603/1/274 570/1/274
f 558/1/275 591/1/275 590/1/275 557/1/275
f 585/1/276 618/1/276 617/1/276 584/1/276
f 572/1/277 605/1/277 604/1/277 571/1/277
f 559/1/278 592/1/278 591/1/278 558/1/278
f 586/1/279 619/1/279 618/1/279 585/1/279
f 573/1/280 606/1/280 605/1/280 572/1/280
f 560/1/281 593/1/281 592/1/281 559/1/281
f 555/1/282 588/1/282 619/1/282 586/1/282
f 574/1/283 607/1/283 606/1/283 573/1/283
f 561/1/284 594/1/284 593/1/284 560/1/284
f 564/1/285 597/1/285 620/1/285 587/1/285
f 575/1/286 608/1/286 607/1/286 574/1/286
f 562/1/287 595/1/287 594/1/287 561/1/287
f 576/1/288 609/1/288 608/1/288 575/1/288
f 563/1/289 596/1/289 595/1/289 562/1/289
f 577/1/290 610/1/290 609/1/290 576/1/290
f 564/1/291 597/1/291 596/1/291 563/1/291
f 578/1/292 611/1/292 610/1/292 577/1/292
f 565/1/293 598/1/293 597/1/293 564/1/293
f 579/1/294 612/1/294 611/1/294 578/1/294
f 619/1/295 652/1/295 651/1/295 618/1/295
f 606/1/296 639/1/296 638/1/296 605/1/296
f 593/1/297 626/1/297 625/1/297 592/1/297
f 588/1/298 621/1/298 652/1/298 619/1/298
f 607/1/299 640/1/299 639/1/299 606/1/299
f 594/1/300 627/1/300 626/1/300 593/1/300
f 597/1/301 630/1/301 653/1/301 620/1/301
f 608/1/302 641/1/302 640/1/302 607/1/302
f 595/1/303 628/1/303 627/1/303 594/1/303
f 609/1/304 642/1/304 641/1/304 608/1/304
f 596/1/305 629/1/305 628/1/305 595/1/305
f 610/1/306 643/1/306 642/1/306 609/1/306
f 597/1/307 630/1/307 629/1/307 596/1/307
f 611/1/308 644/1/308 643/1/308 610/1/308
f 598/1/309 631/1/309 630/1/309 597/1/309
f 612/1/310 645/1/310 644/1/310 611/1/310
f 599/1/311 632/1/311 631/1/311 598/1/311
f 613/1/312 646/1/312 645/1/312 612/1/312
f 600/1/313 633/1/313 632/1/313 599/1/313
f 614/1/314 647/1/314 646/1/314 613/1/314
f 601/1/315 634/1/315 633/1/315 600/1/315
f 615/1/316 648/1/316 647/1/316 614/1/316
f 602/1/317 635/1/317 634/1/317 601/1/317
f 589/1/318 622/1/318 621/1/318 588/1/318
f 616/1/319 649/1/319 648/1/319 615/1/319
f 603/1/320 636/1/320 635/1/320 602/1/320
f 590/1/321 623/1/321 622/1/321 589/1/321
f 617/1/322 650/1/322 649/1/322 616/1/322
f 604/1/323 637/1/323 636/1/323 603/1/323
f 591/1/324 624/1/324 623/1/324 590/1/324
f 618/1/325 651/1/325 650/1/325 617/1/325
f 605/1/326 638/1/326 637/1/326 604/1/326
f 592/1/327 625/1/327 624/1/327 591/1/327
f 1130/2/328 667/5/328 666/4/328 656/3/328
f 1134/6/329 675/9/329 674/8/329 1133/7/329
f 657/10/330 668/11/330 667/5/330 1130/2/330
f 1135/12/331 676/13/331 675/9/331 1134/6/331
f 658/14/332 669/15/332 668/11/332 657/10/332
f 1127/16/333 662/18/333 654/17/333
f 661/19/334 676/13/334 1135/12/334
f 659/20/335 670/21/335 669/15/335 658/14/335
f 1128/22/336 663/23/336 662/18/336 1127/16/336
f 1131/24/337 671/25/337 670/21/337 659/20/337
f 655/26/338 664/27/338 663/23/338 1128/22/338
f 660/28/339 672/29/339 671/25/339 1131/24/339
f 1129/30/340 665/31/340 664/27/340 655/26/340
f 1132/32/341 673/33/341 672/29/341 660/28/341
f 656/3/342 666/4/342 665/31/342 1129/30/342
f 1133/7/343 674/8/343 673/33/343 1132/32/343
f 673/33/344 688/35/344 687/34/344 672/29/344
f 666/4/345 681/37/345 680/36/345 665/31/345
f 674/8/346 689/38/346 688/35/346 673/33/346
f 667/5/347 682/39/347 681/37/347 666/4/347
f 675/9/348 690/40/348 689/38/348 674/8/348
f 668/11/349 683/41/349 682/39/349 667/5/349
f 676/13/350 691/42/350 690/40/350 675/9/350
f 669/15/351 684/43/351 683/41/351 668/11/351
f 662/18/352 677/45/352 654/44/352
f 661/46/353 691/42/353 676/13/353
f 670/21/354 685/47/354 684/43/354 669/15/354
f 663/23/355 678/48/355 677/45/355 662/18/355
f 671/25/356 686/49/356 685/47/356 670/21/356
f 664/27/357 679/50/357 678/48/357 663/23/357
f 672/29/358 687/34/358 686/49/358 671/25/358
f 665/31/359 680/36/359 679/50/359 664/27/359
f 661/51/360 706/52/360 691/42/360
f 685/47/361 700/54/361 699/53/361 684/43/361
f 678/48/362 693/56/362 692/55/362 677/45/362
f 686/49/363 701/57/363 700/54/363 685/47/363
f 679/50/364 694/58/364 693/56/364 678/48/364
f 687/34/365 702/59/365 701/57/365 686/49/365
f 680/36/366 695/60/366 694/58/366 679/50/366
f 688/35/367 703/61/367 702/59/367 687/34/367
f 681/37/368 696/62/368 695/60/368 680/36/368
f 689/38/369 704/63/369 703/61/369 688/35/369
f 682/39/370 697/64/370 696/62/370 681/37/370
f 690/40/371 705/65/371 704/63/371 689/38/371
f 683/41/372 698/66/372 697/64/372 682/39/372
f 691/42/373 706/52/373 705/65/373 690/40/373
f 684/43/374 699/53/374 698/66/374 683/41/374
f 677/45/375 692/55/375 654/67/375
f 704/63/376 719/69/376 718/68/376 703/61/376
f 697/64/377 712/71/377 711/70/377 696/62/377
f 705/65/378 720/72/378 719/69/378 704/63/378
f 698/66/379 713/73/379 712/71/379 697/64/379
f 706/52/380 721/74/380 720/72/380 705/65/380
f 699/53/381 714/75/381 713/73/381 698/66/381
f 692/55/382 707/77/382 654/76/382
f 661/78/383 721/74/383 706/52/383
f 700/54/384 715/79/384 714/75/384 699/53/384
f 693/56/385 708/80/385 707/77/385 692/55/385
f 701/57/386 716/81/386 715/79/386 700/54/386
f 694/58/387 709/82/387 708/80/387 693/56/387
f 702/59/388 717/83/388 716/81/388 701/57/388
f 695/60/389 710/84/389 709/82/389 694/58/389
f 703/61/390 718/68/390 717/83/390 702/59/390
f 696/62/391 711/70/391 710/84/391 695/60/391
f 708/80/392 723/86/392 722/85/392 707/77/392
f 716/81/393 731/88/393 730/87/393 715/79/393
f 709/82/394 724/89/394 723/86/394 708/80/394
f 717/83/395 732/90/395 731/88/395 716/81/395
f 710/84/396 725/91/396 724/89/396 709/82/396
f 718/68/397 733/92/397 732/90/397 717/83/397
f 711/70/398 726/93/398 725/91/398 710/84/398
f 719/69/399 734/94/399 733/92/399 718/68/399
f 712/71/400 727/95/400 726/93/400 711/70/400
f 720/72/401 735/96/401 734/94/401 719/69/401
f 713/73/402 728/97/402 727/95/402 712/71/402
f 721/74/403 736/98/403 735/96/403 720/72/403
f 714/75/404 729/99/404 728/97/404 713/73/404
f 707/77/405 722/85/405 654/100/405
f 661/101/406 736/98/406 721/74/406
f 715/79/407 730/87/407 729/99/407 714/75/407
f 727/95/408 742/103/408 741/102/408 726/93/408
f 735/96/409 750/105/409 749/104/409 734/94/409
f 728/97/410 743/106/410 742/103/410 727/95/410
f 736/98/411 751/107/411 750/105/411 735/96/411
f 729/99/412 744/108/412 743/106/412 728/97/412
f 722/85/413 737/110/413 654/109/413
f 661/111/414 751/107/414 736/98/414
f 730/87/415 745/112/415 744/108/415 729/99/415
f 723/86/416 738/113/416 737/110/416 722/85/416
f 731/88/417 746/114/417 745/112/417 730/87/417
f 724/89/418 739/115/418 738/113/418 723/86/418
f 732/90/419 747/116/419 746/114/419 731/88/419
f 725/91/420 740/117/420 739/115/420 724/89/420
f 733/92/421 748/118/421 747/116/421 732/90/421
f 726/93/422 741/102/422 740/117/422 725/91/422
f 734/94/423 749/104/423 748/118/423 733/92/423
f 746/114/424 761/120/424 760/119/424 745/112/424
f 739/115/425 754/122/425 753/121/425 738/113/425
f 747/116/426 762/123/426 761/120/426 746/114/426
f 740/117/427 755/124/427 754/122/427 739/115/427
f 748/118/428 763/125/428 762/123/428 747/116/428
f 741/102/429 756/126/429 755/124/429 740/117/429
f 749/104/430 764/127/430 763/125/430 748/118/430
f 742/103/431 757/128/431 756/126/431 741/102/431
f 750/105/432 765/129/432 764/127/432 749/104/432
f 743/106/433 758/130/433 757/128/433 742/103/433
f 751/107/434 766/131/434 765/129/434 750/105/434
f 744/108/435 759/132/435 758/130/435 743/106/435
f 737/110/436 752/134/436 654/133/436
f 661/135/437 766/131/437 751/107/437
f 745/112/438 760/119/438 759/132/438 744/108/438
f 738/113/439 753/121/439 752/134/439 737/110/439
f 765/129/440 780/137/440 779/136/440 764/127/440
f 758/130/441 773/139/441 772/138/441 757/128/441
f 766/131/442 781/140/442 780/137/442 765/129/442
f 759/132/443 774/141/443 773/139/443 758/130/443
f 752/134/444 767/143/444 654/142/444
f 661/144/445 781/140/445 766/131/445
f 760/119/446 775/145/446 774/141/446 759/132/446
f 753/121/447 768/146/447 767/143/447 752/134/447
f 761/120/448 776/147/448 775/145/448 760/119/448
f 754/122/449 769/148/449 768/146/449 753/121/449
f 762/123/450 777/149/450 776/147/450 761/120/450
f 755/124/451 770/150/451 769/148/451 754/122/451
f 763/125/452 778/151/452 777/149/452 762/123/452
f 756/126/453 771/152/453 770/150/453 755/124/453
f 764/127/454 779/136/454 778/151/454 763/125/454
f 757/128/455 772/138/455 771/152/455 756/126/455
f 769/148/456 784/154/456 783/153/456 768/146/456
f 777/149/457 792/156/457 791/155/457 776/147/457
f 770/150/458 785/157/458 784/154/458 769/148/458
f 778/151/459 793/158/459 792/156/459 777/149/459
f 771/152/460 786/159/460 785/157/460 770/150/460
f 779/136/461 794/160/461 793/158/461 778/151/461
f 772/138/462 787/161/462 786/159/462 771/152/462
f 780/137/463 795/162/463 794/160/463 779/136/463
f 773/139/464 788/163/464 787/161/464 772/138/464
f 781/140/465 796/164/465 795/162/465 780/137/465
f 774/141/466 789/165/466 788/163/466 773/139/466
f 767/143/467 782/167/467 654/166/467
f 661/168/468 796/164/468 781/140/468
f 775/145/469 790/169/469 789/165/469 774/141/469
f 768/146/470 783/153/470 782/167/470 767/143/470
f 776/147/471 791/155/471 790/169/471 775/145/471
f 788/163/472 803/171/472 802/170/472 787/161/472
f 796/164/473 811/173/473 810/172/473 795/162/473
f 789/165/474 804/174/474 803/171/474 788/163/474
f 782/167/475 797/176/475 654/175/475
f 661/177/476 811/173/476 796/164/476
f 790/169/477 805/178/477 804/174/477 789/165/477
f 783/153/478 798/179/478 797/176/478 782/167/478
f 791/155/479 806/180/479 805/178/479 790/169/479
f 784/154/480 799/181/480 798/179/480 783/153/480
f 792/156/481 807/182/481 806/180/481 791/155/481
f 785/157/482 800/183/482 799/181/482 784/154/482
f 793/158/483 808/184/483 807/182/483 792/156/483
f 786/159/484 801/185/484 800/183/484 785/157/484
f 794/160/485 809/186/485 808/184/485 793/158/485
f 787/161/486 802/170/486 801/185/486 786/159/486
f 795/162/487 810/172/487 809/186/487 794/160/487
f 807/182/488 822/188/488 821/187/488 806/180/488
f 800/183/489 815/190/489 814/189/489 799/181/489
f 808/184/490 823/191/490 822/188/490 807/182/490
f 801/185/491 816/192/491 815/190/491 800/183/491
f 809/186/492 824/193/492 823/191/492 808/184/492
f 802/170/493 817/194/493 816/192/493 801/185/493
f 810/172/494 825/195/494 824/193/494 809/186/494
f 803/171/495 818/196/495 817/194/495 802/170/495
f 811/173/496 826/197/496 825/195/496 810/172/496
f 804/174/497 819/198/497 818/196/497 803/171/497
f 797/176/498 812/200/498 654/199/498
f 661/201/499 826/197/499 811/173/499
f 805/178/500 820/202/500 819/198/500 804/174/500
f 798/179/501 813/203/501 812/200/501 797/176/501
f 806/180/502 821/187/502 820/202/502 805/178/502
f 799/181/503 814/189/503 813/203/503 798/179/503
f 826/197/504 841/205/504 840/204/504 825/195/504
f 819/198/505 834/207/505 833/206/505 818/196/505
f 812/200/506 827/209/506 654/208/506
f 661/210/507 841/205/507 826/197/507
f 820/202/508 835/211/508 834/207/508 819/198/508
f 813/203/509 828/212/509 827/209/509 812/200/509
f 821/187/510 836/213/510 835/211/510 820/202/510
f 814/189/511 829/214/511 828/212/511 813/203/511
f 822/188/512 837/215/512 836/213/512 821/187/512
f 815/190/513 830/216/513 829/214/513 814/189/513
f 823/191/514 838/217/514 837/215/514 822/188/514
f 816/192/515 831/218/515 830/216/515 815/190/515
f 824/193/516 839/219/516 838/217/516 823/191/516
f 817/194/517 832/220/517 831/218/517 816/192/517
f 825/195/518 840/204/518 839/219/518 824/193/518
f 818/196/519 833/206/519 832/220/519 817/194/519
f 827/209/520 842/222/520 654/221/520
f 661/223/521 856/224/521 841/205/521
f 835/211/522 850/226/522 849/225/522 834/207/522
f 828/212/523 843/227/523 842/222/523 827/209/523
f 836/213/524 851/228/524 850/226/524 835/211/524
f 829/214/525 844/229/525 843/227/525 828/212/525
f 837/215/526 852/230/526 851/228/526 836/213/526
f 830/216/527 845/231/527 844/229/527 829/214/527
f 838/217/528 853/232/528 852/230/528 837/215/528
f 831/218/529 846/233/529 845/231/529 830/216/529
f 839/219/530 854/234/530 853/232/530 838/217/530
f 832/220/531 847/235/531 846/233/531 831/218/531
f 840/204/532 855/236/532 854/234/532 839/219/532
f 833/206/533 848/237/533 847/235/533 832/220/533
f 841/205/534 856/224/534 855/236/534 840/204/534
f 834/207/535 849/225/535 848/237/535 833/206/535
f 846/233/536 861/239/536 860/238/536 845/231/536
f 854/234/537 869/241/537 868/240/537 853/232/537
f 847/235/538 862/242/538 861/239/538 846/233/538
f 855/236/539 870/243/539 869/241/539 854/234/539
f 848/237/540 863/244/540 862/242/540 847/235/540
f 856/224/541 871/245/541 870/243/541 855/236/541
f 849/225/542 864/246/542 863/244/542 848/237/542
f 842/222/543 857/248/543 654/247/543
f 661/249/544 871/245/544 856/224/544
f 850/226/545 865/250/545 864/246/545 849/225/545
f 843/227/546 858/251/546 857/248/546 842/222/546
f 851/228/547 866/252/547 865/250/547 850/226/547
f 844/229/548 859/253/548 858/251/548 843/227/548
f 852/230/549 867/254/549 866/252/549 851/228/549
f 845/231/550 860/238/550 859/253/550 844/229/550
f 853/232/551 868/240/551 867/254/551 852/230/551
f 865/250/552 880/256/552 879/255/552 864/246/552
f 858/251/553 873/258/553 872/257/553 857/248/553
f 866/252/554 881/259/554 880/256/554 865/250/554
f 859/253/555 874/260/555 873/258/555 858/251/555
f 867/254/556 882/261/556 881/259/556 866/252/556
f 860/238/557 875/262/557 874/260/557 859/253/557
f 868/240/558 883/263/558 882/261/558 867/254/558
f 861/239/559 876/264/559 875/262/559 860/238/559
f 869/241/560 884/265/560 883/263/560 868/240/560
f 862/242/561 877/266/561 876/264/561 861/239/561
f 870/243/562 885/267/562 884/265/562 869/241/562
f 863/244/563 878/268/563 877/266/563 862/242/563
f 871/245/564 886/269/564 885/267/564 870/243/564
f 864/246/565 879/255/565 878/268/565 863/244/565
f 857/248/566 872/257/566 654/270/566
f 661/271/567 886/269/567 871/245/567
f 884/265/568 899/273/568 898/272/568 883/263/568
f 877/266/569 892/275/569 891/274/569 876/264/569
f 885/267/570 900/276/570 899/273/570 884/265/570
f 878/268/571 893/277/571 892/275/571 877/266/571
f 886/269/572 901/278/572 900/276/572 885/267/572
f 879/255/573 894/279/573 893/277/573 878/268/573
f 872/257/574 887/281/574 654/280/574
f 661/282/575 901/278/575 886/269/575
f 880/256/576 895/283/576 894/279/576 879/255/576
f 873/258/577 888/284/577 887/281/577 872/257/577
f 881/259/578 896/285/578 895/283/578 880/256/578
f 874/260/579 889/286/579 888/284/579 873/258/579
f 882/261/580 897/287/580 896/285/580 881/259/580
f 875/262/581 890/288/581 889/286/581 874/260/581
f 883/263/582 898/272/582 897/287/582 882/261/582
f 876/264/583 891/274/583 890/288/583 875/262/583
f 896/285/584 911/290/584 910/289/584 895/283/584
f 889/286/585 904/292/585 903/291/585 888/284/585
f 897/287/586 912/293/586 911/290/586 896/285/586
f 890/288/587 905/294/587 904/292/587 889/286/587
f 898/272/588 913/295/588 912/293/588 897/287/588
f 891/274/589 906/296/589 905/294/589 890/288/589
f 899/273/590 914/297/590 913/295/590 898/272/590
f 892/275/591 907/298/591 906/296/591 891/274/591
f 900/276/592 915/299/592 914/297/592 899/273/592
f 893/277/593 908/300/593 907/298/593 892/275/593
f 901/278/594 916/301/594 915/299/594 900/276/594
f 894/279/595 909/302/595 908/300/595 893/277/595
f 887/281/596 902/304/596 654/303/596
f 661/305/597 916/301/597 901/278/597
f 895/283/598 910/289/598 909/302/598 894/279/598
f 888/284/599 903/291/599 902/304/599 887/281/599
f 915/299/600 930/307/600 929/306/600 914/297/600
f 908/300/601 923/309/601 922/308/601 907/298/601
f 916/301/602 931/310/602 930/307/602 915/299/602
f 909/302/603 924/311/603 923/309/603 908/300/603
f 902/304/604 917/313/604 654/312/604
f 661/314/605 931/310/605 916/301/605
f 910/289/606 925/315/606 924/311/606 909/302/606
f 903/291/607 918/316/607 917/313/607 902/304/607
f 911/290/608 926/317/608 925/315/608 910/289/608
f 904/292/609 919/318/609 918/316/609 903/291/609
f 912/293/610 927/319/610 926/317/610 911/290/610
f 905/294/611 920/320/611 919/318/611 904/292/611
f 913/295/612 928/321/612 927/319/612 912/293/612
f 906/296/613 921/322/613 920/320/613 905/294/613
f 914/297/614 929/306/614 928/321/614 913/295/614
f 907/298/615 922/308/615 921/322/615 906/296/615
f 919/318/616 934/324/616 933/323/616 918/316/616
f 927/319/617 942/326/617 941/325/617 926/317/617
f 920/320/618 935/327/618 934/324/618 919/318/618
f 928/321/619 943/328/619 942/326/619 927/319/619
f 921/322/620 936/329/620 935/327/620 920/320/620
f 929/306/621 944/330/621 943/328/621 928/321/621
f 922/308/622 937/331/622 936/329/622 921/322/622
f 930/307/623 945/332/623 944/330/623 929/306/623
f 923/309/624 938/333/624 937/331/624 922/308/624
f 931/310/625 946/334/625 945/332/625 930/307/625
f 924/311/626 939/335/626 938/333/626 923/309/626
f 917/313/627 932/337/627 654/336/627
f 661/338/628 946/334/628 931/310/628
f 925/315/629 940/339/629 939/335/629 924/311/629
f 918/316/630 933/323/630 932/337/630 917/313/630
f 926/317/631 941/325/631 940/339/631 925/315/631
f 938/333/632 953/341/632 952/340/632 937/331/632
f 946/334/633 961/343/633 960/342/633 945/332/633
f 939/335/634 954/344/634 953/341/634 938/333/634
f 932/337/635 947/346/635 654/345/635
f 661/347/636 961/343/636 946/334/636
f 940/339/637 955/348/637 954/344/637 939/335/637
f 933/323/638 948/349/638 947/346/638 932/337/638
f 941/325/639 956/350/639 955/348/639 940/339/639
f 934/324/640 949/351/640 948/349/640 933/323/640
f 942/326/641 957/352/641 956/350/641 941/325/641
f 935/327/642 950/353/642 949/351/642 934/324/642
f 943/328/643 958/354/643 957/352/643 942/326/643
f 936/329/644 951/355/644 950/353/644 935/327/644
f 944/330/645 959/356/645 958/354/645 943/328/645
f 937/331/646 952/340/646 951/355/646 936/329/646
f 945/332/647 960/342/647 959/356/647 944/330/647
f 957/352/648 972/358/648 971/357/648 956/350/648
f 950/353/649 965/360/649 964/359/649 949/351/649
f 958/354/650 973/361/650 972/358/650 957/352/650
f 951/355/651 966/362/651 965/360/651 950/353/651
f 959/356/652 974/363/652 973/361/652 958/354/652
f 952/340/653 967/364/653 966/362/653 951/355/653
f 960/342/654 975/365/654 974/363/654 959/356/654
f 953/341/655 968/366/655 967/364/655 952/340/655
f 961/343/656 976/367/656 975/365/656 960/342/656
f 954/344/657 969/368/657 968/366/657 953/341/657
f 947/346/658 962/370/658 654/369/658
f 661/371/659 976/367/659 961/343/659
f 955/348/660 970/372/660 969/368/660 954/344/660
f 948/349/661 963/373/661 962/370/661 947/346/661
f 956/350/662 971/357/662 970/372/662 955/348/662
f 949/351/663 964/359/663 963/373/663 948/349/663
f 976/367/664 991/375/664 990/374/664 975/365/664
f 969/368/665 984/377/665 983/376/665 968/366/665
f 962/370/666 977/379/666 654/378/666
f 661/380/667 991/375/667 976/367/667
f 970/372/668 985/381/668 984/377/668 969/368/668
f 963/373/669 978/382/669 977/379/669 962/370/669
f 971/357/670 986/383/670 985/381/670 970/372/670
f 964/359/671 979/384/671 978/382/671 963/373/671
f 972/358/672 987/385/672 986/383/672 971/357/672
f 965/360/673 980/386/673 979/384/673 964/359/673
f 973/361/674 988/387/674 987/385/674 972/358/674
f 966/362/675 981/388/675 980/386/675 965/360/675
f 974/363/676 989/389/676 988/387/676 973/361/676
f 967/364/677 982/390/677 981/388/677 966/362/677
f 975/365/678 990/374/678 989/389/678 974/363/678
f 968/366/679 983/376/679 982/390/679 967/364/679
f 980/386/680 995/392/680 994/391/680 979/384/680
f 988/387/681 1003/394/681 1002/393/681 987/385/681
f 981/388/682 996/395/682 995/392/682 980/386/682
f 989/389/683 1004/396/683 1003/394/683 988/387/683
f 982/390/684 997/397/684 996/395/684 981/388/684
f 990/374/685 1005/398/685 1004/396/685 989/389/685
f 983/376/686 998/399/686 997/397/686 982/390/686
f 991/375/687 1006/400/687 1005/398/687 990/374/687
f 984/377/688 999/401/688 998/399/688 983/376/688
f 977/379/689 992/403/689 654/402/689
f 661/404/690 1006/400/690 991/375/690
f 985/381/691 1000/405/691 999/401/691 984/377/691
f 978/382/692 993/406/692 992/403/692 977/379/692
f 986/383/693 1001/407/693 1000/405/693 985/381/693
f 979/384/694 994/391/694 993/406/694 978/382/694
f 987/385/695 1002/393/695 1001/407/695 986/383/695
f 999/401/696 1014/409/696 1013/408/696 998/399/696
f 992/403/697 1007/411/697 654/410/697
f 661/412/698 1021/413/698 1006/400/698
f 1000/405/699 1015/414/699 1014/409/699 999/401/699
f 993/406/700 1008/415/700 1007/411/700 992/403/700
f 1001/407/701 1016/416/701 1015/414/701 1000/405/701
f 994/391/702 1009/417/702 1008/415/702 993/406/702
f 1002/393/703 1017/418/703 1016/416/703 1001/407/703
f 995/392/704 1010/419/704 1009/417/704 994/391/704
f 1003/394/705 1018/420/705 1017/418/705 1002/393/705
f 996/395/706 1011/421/706 1010/419/706 995/392/706
f 1004/396/707 1019/422/707 1018/420/707 1003/394/707
f 997/397/708 1012/423/708 1011/421/708 996/395/708
f 1005/398/709 1020/424/709 1019/422/709 1004/396/709
f 998/399/710 1013/408/710 1012/423/710 997/397/710
f 1006/400/711 1021/413/711 1020/424/711 1005/398/711
f 1018/425/712 1033/428/712 1032/427/712 1017/426/712
f 1011/429/713 1026/432/713 1025/431/713 1010/430/713
f 1019/433/714 1034/434/714 1033/428/714 1018/425/714
f 1012/435/715 1027/436/715 1026/432/715 1011/429/715
f 1020/437/716 1035/438/716 1034/434/716 1019/433/716
f 1013/439/717 1028/440/717 1027/436/717 1012/435/717
f 1021/441/718 1036/442/718 1035/438/718 1020/437/718
f 1014/443/719 1029/444/719 1028/440/719 1013/439/719
f 1007/445/720 1022/447/720 654/446/720
f 661/448/721 1036/442/721 1021/441/721
f 1015/449/722 1030/450/722 1029/444/722 1014/443/722
f 1008/451/723 1023/452/723 1022/447/723 1007/445/723
f 1016/453/724 1031/454/724 1030/450/724 1015/449/724
f 1009/455/725 1024/456/725 1023/452/725 1008/451/725
f 1017/426/726 1032/427/726 1031/454/726 1016/453/726
f 1010/430/727 1025/431/727 1024/456/727 1009/455/727
f 661/457/728 1051/458/728 1036/442/728
f 1030/450/729 1045/460/729 1044/459/729 1029/444/729
f 1023/452/730 1038/462/730 1037/461/730 1022/447/730
f 1031/454/731 1046/463/731 1045/460/731 1030/450/731
f 1024/456/732 1039/464/732 1038/462/732 1023/452/732
f 1032/427/733 1047/465/733 1046/463/733 1031/454/733
f 1025/431/734 1040/466/734 1039/464/734 1024/456/734
f 1033/428/735 1048/467/735 1047/465/735 1032/427/735
f 1026/432/736 1041/468/736 1040/466/736 1025/431/736
f 1034/434/737 1049/469/737 1048/467/737 1033/428/737
f 1027/436/738 1042/470/738 1041/468/738 1026/432/738
f 1035/438/739 1050/471/739 1049/469/739 1034/434/739
f 1028/440/740 1043/472/740 1042/470/740 1027/436/740
f 1036/442/741 1051/458/741 1050/471/741 1035/438/741
f 1029/444/742 1044/459/742 1043/472/742 1028/440/742
f 1022/447/743 1037/461/743 654/473/743
f 1049/469/744 1064/475/744 1063/474/744 1048/467/744
f 1042/470/745 1057/477/745 1056/476/745 1041/468/745
f 1050/471/746 1065/478/746 1064/475/746 1049/469/746
f 1043/472/747 1058/479/747 1057/477/747 1042/470/747
f 1051/458/748 1066/480/748 1065/478/748 1050/471/748
f 1044/459/749 1059/481/749 1058/479/749 1043/472/749
f 1037/461/750 1052/483/750 654/482/750
f 661/484/751 1066/480/751 1051/458/751
f 1045/460/752 1060/485/752 1059/481/752 1044/459/752
f 1038/462/753 1053/486/753 1052/483/753 1037/461/753
f 1046/463/754 1061/487/754 1060/485/754 1045/460/754
f 1039/464/755 1054/488/755 1053/486/755 1038/462/755
f 1047/465/756 1062/489/756 1061/487/756 1046/463/756
f 1040/466/757 1055/490/757 1054/488/757 1039/464/757
f 1048/467/758 1063/474/758 1062/489/758 1047/465/758
f 1041/468/759 1056/476/759 1055/490/759 1040/466/759
f 1053/486/760 1068/492/760 1067/491/760 1052/483/760
f 1061/487/761 1076/494/761 1075/493/761 1060/485/761
f 1054/488/762 1069/495/762 1068/492/762 1053/486/762
f 1062/489/763 1077/496/763 1076/494/763 1061/487/763
f 1055/490/764 1070/497/764 1069/495/764 1054/488/764
f 1063/474/765 1078/498/765 1077/496/765 1062/489/765
f 1056/476/766 1071/499/766 1070/497/766 1055/490/766
f 1064/475/767 1079/500/767 1078/498/767 1063/474/767
f 1057/477/768 1072/501/768 1071/499/768 1056/476/768
f 1065/478/769 1080/502/769 1079/500/769 1064/475/769
f 1058/479/770 1073/503/770 1072/501/770 1057/477/770
f 1066/480/771 1081/504/771 1080/502/771 1065/478/771
f 1059/481/772 1074/505/772 1073/503/772 1058/479/772
f 1052/483/773 1067/491/773 654/506/773
f 661/507/774 1081/504/774 1066/480/774
f 1060/485/775 1075/493/775 1074/505/775 1059/481/775
f 1072/501/776 1087/509/776 1086/508/776 1071/499/776
f 1080/502/777 1095/511/777 1094/510/777 1079/500/777
f 1073/503/778 1088/512/778 1087/509/778 1072/501/778
f 1081/504/779 1096/513/779 1095/511/779 1080/502/779
f 1074/505/780 1089/514/780 1088/512/780 1073/503/780
f 1067/491/781 1082/516/781 654/515/781
f 661/517/782 1096/513/782 1081/504/782
f 1075/493/783 1090/518/783 1089/514/783 1074/505/783
f 1068/492/784 1083/519/784 1082/516/784 1067/491/784
f 1076/494/785 1091/520/785 1090/518/785 1075/493/785
f 1069/495/786 1084/521/786 1083/519/786 1068/492/786
f 1077/496/787 1092/522/787 1091/520/787 1076/494/787
f 1070/497/788 1085/523/788 1084/521/788 1069/495/788
f 1078/498/789 1093/524/789 1092/522/789 1077/496/789
f 1071/499/790 1086/508/790 1085/523/790 1070/497/790
f 1079/500/791 1094/510/791 1093/524/791 1078/498/791
f 1091/520/792 1106/526/792 1105/525/792 1090/518/792
f 1084/521/793 1099/528/793 1098/527/793 1083/519/793
f 1092/522/794 1107/529/794 1106/526/794 1091/520/794
f 1085/523/795 1100/530/795 1099/528/795 1084/521/795
f 1093/524/796 1108/531/796 1107/529/796 1092/522/796
f 1086/508/797 1101/532/797 1100/530/797 1085/523/797
f 1094/510/798 1109/533/798 1108/531/798 1093/524/798
f 1087/509/799 1102/534/799 1101/532/799 1086/508/799
f 1095/511/800 1110/535/800 1109/533/800 1094/510/800
f 1088/512/801 1103/536/801 1102/534/801 1087/509/801
f 1096/513/802 1111/537/802 1110/535/802 1095/511/802
f 1089/514/803 1104/538/803 1103/536/803 1088/512/803
f 1082/516/804 1097/540/804 654/539/804
f 661/541/805 1111/537/805 1096/513/805
f 1090/518/806 1105/525/806 1104/538/806 1089/514/806
f 1083/519/807 1098/527/807 1097/540/807 1082/516/807
f 1110/535/808 1125/543/808 1124/542/808 1109/533/808
f 1103/536/809 1118/545/809 1117/544/809 1102/534/809
f 1111/537/810 1126/546/810 1125/543/810 1110/535/810
f 1104/538/811 1119/547/811 1118/545/811 1103/536/811
f 1097/540/812 1112/549/812 654/548/812
f 661/550/813 1126/546/813 1111/537/813
f 1105/525/814 1120/551/814 1119/547/814 1104/538/814
f 1098/527/815 1113/552/815 1112/549/815 1097/540/815
f 1106/526/816 1121/553/816 1120/551/816 1105/525/816
f 1099/528/817 1114/554/817 1113/552/817 1098/527/817
f 1107/529/818 1122/555/818 1121/553/818 1106/526/818
f 1100/530/819 1115/556/819 1114/554/819 1099/528/819
f 1108/531/820 1123/557/820 1122/555/820 1107/529/820
f 1101/532/821 1116/558/821 1115/556/821 1100/530/821
f 1109/533/822 1124/542/822 1123/557/822 1108/531/822
f 1102/534/823 1117/544/823 1116/558/823 1101/532/823
f 1114/554/824 655/26/824 1128/22/824 1113/552/824
f 1122/555/825 660/28/825 1131/24/825 1121/553/825
f 1115/556/826 1129/30/826 655/26/826 1114/554/826
f 1123/557/827 1132/32/827 660/28/827 1122/555/827
f 1116/558/828 656/3/828 1129/30/828 1115/556/828
f 1124/542/829 1133/7/829 1132/32/829 1123/557/829
f 1117/544/830 1130/2/830 656/3/830 1116/558/830
f 1125/543/831 1134/6/831 1133/7/831 1124/542/831
f 1118/545/832 657/10/832 1130/2/832 1117/544/832
f 1126/546/833 1135/12/833 1134/6/833 1125/543/833
f 1119/547/834 658/14/834 657/10/834 1118/545/834
f 1112/549/835 1127/16/835 654/559/835
f 661/560/836 1135/12/836 1126/546/836
f 1120/551/837 659/20/837 658/14/837 1119/547/837
f 1113/552/838 1128/22/838 1127/16/838 1112/549/838
f 1121/553/839 1131/24/839 659/20/839 1120/551/839
f 194/1/840 193/1/840 224/1/840 223/1/840 222/1/840 221/1/840 220/1/840 219/1/840 218/1/840 217/1/840 216/1/840 215/1/840 214/1/840 213/1/840 212/1/840 211/1/840 210/1/840 209/1/840 208/1/840 207/1/840 206/1/840 205/1/840 204/1/840 203/1/840 202/1/840 201/1/840 200/1/840 199/1/840 198/1/840 197/1/840 196/1/840 195/1/840
l 223 1136
