# Blender 5.0.1
# www.blender.org
mtllib Rainha.mtl
o Círculo
v -0.007910 -0.090236 0.463037
v 0.079044 -0.090236 0.454473
v 0.162655 -0.090236 0.429110
v 0.239712 -0.090236 0.387922
v 0.307253 -0.090236 0.332493
v 0.362683 -0.090236 0.264952
v 0.403870 -0.090236 0.187895
v 0.429234 -0.090236 0.104283
v 0.437798 -0.090236 0.017330
v 0.429234 -0.090236 -0.069623
v 0.403870 -0.090236 -0.153235
v 0.362683 -0.090236 -0.230292
v 0.307253 -0.090236 -0.297833
v 0.239712 -0.090236 -0.353263
v 0.162655 -0.090236 -0.394450
v 0.079044 -0.090236 -0.419814
v -0.007910 -0.090236 -0.428378
v -0.094863 -0.090236 -0.419814
v -0.178475 -0.090236 -0.394450
v -0.255532 -0.090236 -0.353263
v -0.323073 -0.090236 -0.297833
v -0.378502 -0.090236 -0.230292
v -0.419690 -0.090236 -0.153235
v -0.445053 -0.090236 -0.069623
v -0.453617 -0.090236 0.017330
v -0.445053 -0.090236 0.104283
v -0.419690 -0.090236 0.187895
v -0.378502 -0.090236 0.264952
v -0.323073 -0.090236 0.332493
v -0.255532 -0.090236 0.387922
v -0.178475 -0.090236 0.429110
v -0.094863 -0.090236 0.454473
v -0.007910 -0.090236 0.463037
v 0.079044 -0.090236 0.454473
v 0.162655 -0.090236 0.429110
v 0.239712 -0.090236 0.387922
v 0.307253 -0.090236 0.332493
v 0.362683 -0.090236 0.264952
v 0.403870 -0.090236 0.187895
v 0.429234 -0.090236 0.104283
v 0.437798 -0.090236 0.017330
v 0.429234 -0.090236 -0.069623
v 0.403870 -0.090236 -0.153235
v 0.362683 -0.090236 -0.230292
v 0.307253 -0.090236 -0.297833
v 0.239712 -0.090236 -0.353263
v 0.162655 -0.090236 -0.394450
v 0.079044 -0.090236 -0.419814
v -0.007910 -0.090236 -0.428378
v -0.094863 -0.090236 -0.419814
v -0.178475 -0.090236 -0.394450
v -0.255532 -0.090236 -0.353263
v -0.323073 -0.090236 -0.297833
v -0.378502 -0.090236 -0.230292
v -0.419690 -0.090236 -0.153235
v -0.445053 -0.090236 -0.069623
v -0.453617 -0.090236 0.017330
v -0.445053 -0.090236 0.104283
v -0.419690 -0.090236 0.187895
v -0.378502 -0.090236 0.264952
v -0.323073 -0.090236 0.332493
v -0.255532 -0.090236 0.387922
v -0.178475 -0.090236 0.429110
v -0.094863 -0.090236 0.454473
v -0.007090 0.056643 0.448034
v 0.076942 0.056643 0.439758
v 0.157744 0.056643 0.415247
v 0.232212 0.056643 0.375443
v 0.297484 0.056643 0.321876
v 0.351051 0.056643 0.256604
v 0.390855 0.056643 0.182136
v 0.415366 0.056643 0.101334
v 0.423642 0.056643 0.017302
v 0.415366 0.056643 -0.066729
v 0.390855 0.056643 -0.147532
v 0.351051 0.056643 -0.222000
v 0.297484 0.056643 -0.287271
v 0.232212 0.056643 -0.340838
v 0.157744 0.056643 -0.380642
v 0.076942 0.056643 -0.405153
v -0.007090 0.056643 -0.413430
v -0.091121 0.056643 -0.405153
v -0.171924 0.056643 -0.380642
v -0.246392 0.056643 -0.340838
v -0.311663 0.056643 -0.287271
v -0.365230 0.056643 -0.222000
v -0.405034 0.056643 -0.147532
v -0.429545 0.056643 -0.066729
v -0.437822 0.056643 0.017302
v -0.429545 0.056643 0.101334
v -0.405034 0.056643 0.182136
v -0.365230 0.056643 0.256604
v -0.311663 0.056643 0.321876
v -0.246392 0.056643 0.375443
v -0.171924 0.056643 0.415247
v -0.091121 0.056643 0.439758
v -0.007090 0.056643 0.448034
v 0.076942 0.056643 0.439758
v 0.157744 0.056643 0.415247
v 0.232212 0.056643 0.375443
v 0.297484 0.056643 0.321876
v 0.351051 0.056643 0.256604
v 0.390855 0.056643 0.182136
v 0.415366 0.056643 0.101334
v 0.423642 0.056643 0.017302
v 0.415366 0.056643 -0.066729
v 0.390855 0.056643 -0.147532
v 0.351051 0.056643 -0.222000
v 0.297484 0.056643 -0.287271
v 0.232212 0.056643 -0.340838
v 0.157744 0.056643 -0.380642
v 0.076942 0.056643 -0.405153
v -0.007090 0.056643 -0.413430
v -0.091121 0.056643 -0.405153
v -0.171924 0.056643 -0.380642
v -0.246392 0.056643 -0.340838
v -0.311663 0.056643 -0.287271
v -0.365230 0.056643 -0.222000
v -0.405034 0.056643 -0.147532
v -0.429545 0.056643 -0.066729
v -0.437822 0.056643 0.017302
v -0.429545 0.056643 0.101334
v -0.405034 0.056643 0.182136
v -0.365230 0.056643 0.256604
v -0.311663 0.056643 0.321876
v -0.246392 0.056643 0.375443
v -0.171924 0.056643 0.415247
v -0.091121 0.056643 0.439758
v -0.007910 -0.090236 0.463037
v 0.079044 -0.090236 0.454473
v 0.162655 -0.090236 0.429110
v 0.239712 -0.090236 0.387922
v 0.307253 -0.090236 0.332493
v 0.362683 -0.090236 0.264952
v 0.403870 -0.090236 0.187895
v 0.429234 -0.090236 0.104283
v 0.437798 -0.090236 0.017330
v 0.429234 -0.090236 -0.069623
v 0.403870 -0.090236 -0.153235
v 0.362683 -0.090236 -0.230292
v 0.307253 -0.090236 -0.297833
v 0.239712 -0.090236 -0.353263
v 0.162655 -0.090236 -0.394450
v 0.079044 -0.090236 -0.419814
v -0.007910 -0.090236 -0.428378
v -0.094863 -0.090236 -0.419814
v -0.178475 -0.090236 -0.394450
v -0.255532 -0.090236 -0.353263
v -0.323073 -0.090236 -0.297833
v -0.378502 -0.090236 -0.230292
v -0.419690 -0.090236 -0.153235
v -0.445053 -0.090236 -0.069623
v -0.453617 -0.090236 0.017330
v -0.445053 -0.090236 0.104283
v -0.419690 -0.090236 0.187895
v -0.378502 -0.090236 0.264952
v -0.323073 -0.090236 0.332493
v -0.255532 -0.090236 0.387922
v -0.178475 -0.090236 0.429110
v -0.094863 -0.090236 0.454473
v -0.007090 0.056643 0.448034
v 0.076942 0.056643 0.439758
v 0.157744 0.056643 0.415247
v 0.232212 0.056643 0.375443
v 0.297484 0.056643 0.321876
v 0.351051 0.056643 0.256604
v 0.390855 0.056643 0.182136
v 0.415366 0.056643 0.101334
v 0.423642 0.056643 0.017302
v 0.415366 0.056643 -0.066729
v 0.390855 0.056643 -0.147532
v 0.351051 0.056643 -0.222000
v 0.297484 0.056643 -0.287271
v 0.232212 0.056643 -0.340838
v 0.157744 0.056643 -0.380642
v 0.076942 0.056643 -0.405153
v -0.007090 0.056643 -0.413430
v -0.091121 0.056643 -0.405153
v -0.171924 0.056643 -0.380642
v -0.246392 0.056643 -0.340838
v -0.311663 0.056643 -0.287271
v -0.365230 0.056643 -0.222000
v -0.405034 0.056643 -0.147532
v -0.429545 0.056643 -0.066729
v -0.437822 0.056643 0.017302
v -0.429545 0.056643 0.101334
v -0.405034 0.056643 0.182136
v -0.365230 0.056643 0.256604
v -0.311663 0.056643 0.321876
v -0.246392 0.056643 0.375443
v -0.171924 0.056643 0.415247
v -0.091121 0.056643 0.439758
v -0.007910 -0.090236 0.463037
v 0.079044 -0.090236 0.454473
v 0.162655 -0.090236 0.429110
v 0.239712 -0.090236 0.387922
v 0.307253 -0.090236 0.332493
v 0.362683 -0.090236 0.264952
v 0.403870 -0.090236 0.187895
v 0.429234 -0.090236 0.104283
v 0.437798 -0.090236 0.017330
v 0.429234 -0.090236 -0.069623
v 0.403870 -0.090236 -0.153235
v 0.362683 -0.090236 -0.230292
v 0.307253 -0.090236 -0.297833
v 0.239712 -0.090236 -0.353263
v 0.162655 -0.090236 -0.394450
v 0.079044 -0.090236 -0.419814
v -0.007910 -0.090236 -0.428378
v -0.094863 -0.090236 -0.419814
v -0.178475 -0.090236 -0.394450
v -0.255532 -0.090236 -0.353263
v -0.323073 -0.090236 -0.297833
v -0.378502 -0.090236 -0.230292
v -0.419690 -0.090236 -0.153235
v -0.445053 -0.090236 -0.069623
v -0.453617 -0.090236 0.017330
v -0.445053 -0.090236 0.104283
v -0.419690 -0.090236 0.187895
v -0.378502 -0.090236 0.264952
v -0.323073 -0.090236 0.332493
v -0.255532 -0.090236 0.387922
v -0.178475 -0.090236 0.429110
v -0.094863 -0.090236 0.454473
v -0.007090 0.056643 0.448034
v 0.076942 0.056643 0.439758
v 0.157744 0.056643 0.415247
v 0.232212 0.056643 0.375443
v 0.297484 0.056643 0.321876
v 0.351051 0.056643 0.256604
v 0.390855 0.056643 0.182136
v 0.415366 0.056643 0.101334
v 0.423642 0.056643 0.017302
v 0.415366 0.056643 -0.066729
v 0.390855 0.056643 -0.147532
v 0.351051 0.056643 -0.222000
v 0.297484 0.056643 -0.287271
v 0.232212 0.056643 -0.340838
v 0.157744 0.056643 -0.380642
v 0.076942 0.056643 -0.405153
v -0.007090 0.056643 -0.413430
v -0.091121 0.056643 -0.405153
v -0.171924 0.056643 -0.380642
v -0.246392 0.056643 -0.340838
v -0.311663 0.056643 -0.287271
v -0.365230 0.056643 -0.222000
v -0.405034 0.056643 -0.147532
v -0.429545 0.056643 -0.066729
v -0.437822 0.056643 0.017302
v -0.429545 0.056643 0.101334
v -0.405034 0.056643 0.182136
v -0.365230 0.056643 0.256604
v -0.311663 0.056643 0.321876
v -0.246392 0.056643 0.375443
v -0.171924 0.056643 0.415247
v -0.091121 0.056643 0.439758
v 0.415783 0.060357 -0.070525
v -0.007090 0.056643 0.448034
v 0.076942 0.056643 0.439758
v 0.157744 0.056643 0.415247
v 0.232212 0.056643 0.375443
v 0.297484 0.056643 0.321876
v 0.351051 0.056643 0.256604
v 0.390855 0.056643 0.182136
v 0.415366 0.056643 0.101334
v 0.423642 0.056643 0.017302
v 0.415366 0.056643 -0.066729
v 0.390855 0.056643 -0.147532
v 0.351051 0.056643 -0.222000
v 0.297484 0.056643 -0.287271
v 0.232212 0.056643 -0.340838
v 0.157744 0.056643 -0.380642
v 0.076942 0.056643 -0.405153
v -0.007090 0.056643 -0.413430
v -0.091121 0.056643 -0.405153
v -0.171924 0.056643 -0.380642
v -0.246392 0.056643 -0.340838
v -0.311663 0.056643 -0.287271
v -0.365230 0.056643 -0.222000
v -0.405034 0.056643 -0.147532
v -0.429545 0.056643 -0.066729
v -0.437822 0.056643 0.017302
v -0.429545 0.056643 0.101334
v -0.405034 0.056643 0.182136
v -0.365230 0.056643 0.256604
v -0.311663 0.056643 0.321876
v -0.246392 0.056643 0.375443
v -0.171924 0.056643 0.415247
v -0.091121 0.056643 0.439758
v 0.415783 0.060357 -0.070525
v -0.003815 0.184702 0.385561
v 0.068113 0.184702 0.378476
v 0.137277 0.184702 0.357496
v 0.201018 0.184702 0.323425
v 0.256888 0.184702 0.277574
v 0.302740 0.184702 0.221704
v 0.336810 0.184702 0.157962
v 0.357791 0.184702 0.088799
v 0.364875 0.184702 0.016871
v 0.357791 0.184702 -0.055057
v 0.336810 0.184702 -0.124220
v 0.302740 0.184702 -0.187962
v 0.256888 0.184702 -0.243832
v 0.201018 0.184702 -0.289683
v 0.137277 0.184702 -0.323754
v 0.068113 0.184702 -0.344735
v -0.003815 0.184702 -0.351819
v -0.075743 0.184702 -0.344735
v -0.144906 0.184702 -0.323754
v -0.208648 0.184702 -0.289683
v -0.264518 0.184702 -0.243832
v -0.310369 0.184702 -0.187962
v -0.344440 0.184702 -0.124220
v -0.365420 0.184702 -0.055057
v -0.372504 0.184702 0.016871
v -0.365420 0.184702 0.088799
v -0.344440 0.184702 0.157962
v -0.310369 0.184702 0.221704
v -0.264518 0.184702 0.277574
v -0.208648 0.184702 0.323425
v -0.144906 0.184702 0.357496
v -0.075743 0.184702 0.378476
v 0.358148 0.187881 -0.058305
v 0.000310 0.267582 0.269269
v 0.050426 0.267582 0.264333
v 0.098615 0.267582 0.249715
v 0.143027 0.267582 0.225976
v 0.181955 0.267582 0.194030
v 0.213902 0.267582 0.155102
v 0.237640 0.267582 0.110690
v 0.252258 0.267582 0.062501
v 0.257194 0.267582 0.012385
v 0.252258 0.267582 -0.037731
v 0.237640 0.267582 -0.085920
v 0.213902 0.267582 -0.130332
v 0.181955 0.267582 -0.169259
v 0.143027 0.267582 -0.201206
v 0.098615 0.267582 -0.224945
v 0.050426 0.267582 -0.239563
v 0.000310 0.267582 -0.244499
v -0.049805 0.267582 -0.239563
v -0.097995 0.267582 -0.224945
v -0.142407 0.267582 -0.201206
v -0.181334 0.267582 -0.169259
v -0.213281 0.267582 -0.130332
v -0.237020 0.267582 -0.085920
v -0.251638 0.267582 -0.037731
v -0.256574 0.267582 0.012385
v -0.251638 0.267582 0.062501
v -0.237020 0.267582 0.110690
v -0.213281 0.267582 0.155102
v -0.181334 0.267582 0.194030
v -0.142407 0.267582 0.225976
v -0.097995 0.267582 0.249715
v -0.049805 0.267582 0.264333
v 0.252507 0.269797 -0.039994
v 0.000310 0.267582 0.269269
v 0.050426 0.267582 0.264333
v 0.098615 0.267582 0.249715
v 0.143027 0.267582 0.225976
v 0.181955 0.267582 0.194030
v 0.213902 0.267582 0.155102
v 0.237640 0.267582 0.110690
v 0.252258 0.267582 0.062501
v 0.257194 0.267582 0.012385
v 0.252258 0.267582 -0.037731
v 0.237640 0.267582 -0.085920
v 0.213902 0.267582 -0.130332
v 0.181955 0.267582 -0.169259
v 0.143027 0.267582 -0.201206
v 0.098615 0.267582 -0.224945
v 0.050426 0.267582 -0.239563
v 0.000310 0.267582 -0.244499
v -0.049805 0.267582 -0.239563
v -0.097995 0.267582 -0.224945
v -0.142407 0.267582 -0.201206
v -0.181334 0.267582 -0.169259
v -0.213281 0.267582 -0.130332
v -0.237020 0.267582 -0.085920
v -0.251638 0.267582 -0.037731
v -0.256574 0.267582 0.012385
v -0.251638 0.267582 0.062501
v -0.237020 0.267582 0.110690
v -0.213281 0.267582 0.155102
v -0.181334 0.267582 0.194030
v -0.142407 0.267582 0.225976
v -0.097995 0.267582 0.249715
v -0.049805 0.267582 0.264333
v 0.252507 0.269797 -0.039994
v 0.008091 0.580192 0.140067
v 0.031718 0.580192 0.137740
v 0.054438 0.580192 0.130848
v 0.075376 0.580192 0.119656
v 0.093728 0.580192 0.104595
v 0.108790 0.580192 0.086242
v 0.119982 0.580192 0.065304
v 0.126873 0.580192 0.042585
v 0.129201 0.580192 0.018957
v 0.126873 0.580192 -0.004670
v 0.119982 0.580192 -0.027389
v 0.108790 0.580192 -0.048328
v 0.093728 0.580192 -0.066680
v 0.075376 0.580192 -0.081742
v 0.054438 0.580192 -0.092933
v 0.031718 0.580192 -0.099825
v 0.008091 0.580192 -0.102152
v -0.015536 0.580192 -0.099825
v -0.038256 0.580192 -0.092933
v -0.059194 0.580192 -0.081742
v -0.077546 0.580192 -0.066680
v -0.092608 0.580192 -0.048328
v -0.103800 0.580192 -0.027389
v -0.110691 0.580192 -0.004670
v -0.113019 0.580192 0.018957
v -0.110691 0.580192 0.042585
v -0.103800 0.580192 0.065304
v -0.092608 0.580192 0.086242
v -0.077546 0.580192 0.104595
v -0.059194 0.580192 0.119656
v -0.038256 0.580192 0.130848
v -0.015536 0.580192 0.137740
v 0.126991 0.581237 -0.005737
v 0.011580 0.858873 0.151255
v 0.035208 0.858873 0.148928
v 0.057927 0.858873 0.142036
v 0.078865 0.858873 0.130844
v 0.097218 0.858873 0.115783
v 0.112279 0.858873 0.097430
v 0.123471 0.858873 0.076492
v 0.130363 0.858873 0.053773
v 0.132690 0.858873 0.030145
v 0.130363 0.858873 0.006518
v 0.123471 0.858873 -0.016201
v 0.112279 0.858873 -0.037140
v 0.097218 0.858873 -0.055492
v 0.078865 0.858873 -0.070554
v 0.057927 0.858873 -0.081745
v 0.035208 0.858873 -0.088637
v 0.011580 0.858873 -0.090964
v -0.012047 0.858873 -0.088637
v -0.034766 0.858873 -0.081745
v -0.055704 0.858873 -0.070554
v -0.074057 0.858873 -0.055492
v -0.089118 0.858873 -0.037140
v -0.100310 0.858873 -0.016201
v -0.107202 0.858873 0.006518
v -0.109529 0.858873 0.030145
v -0.107202 0.858873 0.053773
v -0.100310 0.858873 0.076492
v -0.089118 0.858873 0.097430
v -0.074057 0.858873 0.115783
v -0.055704 0.858873 0.130844
v -0.034766 0.858873 0.142036
v -0.012047 0.858873 0.148928
v 0.130480 0.859918 0.005451
v 0.008490 0.858846 0.255787
v 0.052385 0.858846 0.251463
v 0.094593 0.858846 0.238660
v 0.133493 0.858846 0.217867
v 0.167588 0.858846 0.189886
v 0.195570 0.858846 0.155790
v 0.216362 0.858846 0.116891
v 0.229166 0.858846 0.074682
v 0.233489 0.858846 0.030787
v 0.229166 0.858846 -0.013108
v 0.216362 0.858846 -0.055316
v 0.195570 0.858846 -0.094216
v 0.167588 0.858846 -0.128311
v 0.133493 0.858846 -0.156293
v 0.094593 0.858846 -0.177085
v 0.052385 0.858846 -0.189889
v 0.008490 0.858846 -0.194212
v -0.035406 0.858846 -0.189889
v -0.077614 0.858846 -0.177085
v -0.116513 0.858846 -0.156293
v -0.150609 0.858846 -0.128311
v -0.178591 0.858846 -0.094216
v -0.199383 0.858846 -0.055316
v -0.212187 0.858846 -0.013108
v -0.216510 0.858846 0.030787
v -0.212187 0.858846 0.074682
v -0.199383 0.858846 0.116891
v -0.178591 0.858846 0.155790
v -0.150609 0.858846 0.189886
v -0.116513 0.858846 0.217867
v -0.077614 0.858846 0.238660
v -0.035406 0.858846 0.251463
v 0.229384 0.860786 -0.015091
v 0.010087 0.990655 0.259501
v 0.053982 0.990655 0.255178
v 0.096191 0.990655 0.242374
v 0.135090 0.990655 0.221582
v 0.169186 0.990655 0.193601
v 0.197167 0.990655 0.159505
v 0.217960 0.990655 0.120605
v 0.230763 0.990655 0.078397
v 0.235087 0.990655 0.034502
v 0.230763 0.990655 -0.009393
v 0.217960 0.990655 -0.051602
v 0.197167 0.990655 -0.090501
v 0.169186 0.990655 -0.124597
v 0.135090 0.990655 -0.152578
v 0.096191 0.990655 -0.173370
v 0.053982 0.990655 -0.186174
v 0.010087 0.990655 -0.190498
v -0.033808 0.990655 -0.186174
v -0.076016 0.990655 -0.173370
v -0.114916 0.990655 -0.152578
v -0.149011 0.990655 -0.124597
v -0.176993 0.990655 -0.090501
v -0.197785 0.990655 -0.051602
v -0.210589 0.990655 -0.009393
v -0.214912 0.990655 0.034502
v -0.210589 0.990655 0.078397
v -0.197785 0.990655 0.120605
v -0.176993 0.990655 0.159505
v -0.149011 0.990655 0.193601
v -0.114916 0.990655 0.221582
v -0.076016 0.990655 0.242374
v -0.033808 0.990655 0.255178
v 0.230981 0.992595 -0.011376
v 0.009421 1.160097 0.370050
v 0.072573 1.160097 0.363830
v 0.133299 1.160097 0.345409
v 0.189264 1.160097 0.315495
v 0.238318 1.160097 0.275238
v 0.278575 1.160097 0.226184
v 0.308489 1.160097 0.170219
v 0.326910 1.160097 0.109493
v 0.333130 1.160097 0.046341
v 0.326910 1.160097 -0.016812
v 0.308489 1.160097 -0.077538
v 0.278575 1.160097 -0.133503
v 0.238318 1.160097 -0.182556
v 0.189264 1.160097 -0.222814
v 0.133299 1.160097 -0.252728
v 0.072573 1.160097 -0.271149
v 0.009421 1.160097 -0.277369
v -0.053732 1.160097 -0.271149
v -0.114457 1.160097 -0.252728
v -0.170423 1.160097 -0.222814
v -0.219476 1.160097 -0.182556
v -0.259734 1.160097 -0.133503
v -0.289648 1.160097 -0.077538
v -0.308069 1.160097 -0.016812
v -0.314289 1.160097 0.046341
v -0.308069 1.160097 0.109493
v -0.289648 1.160097 0.170219
v -0.259734 1.160097 0.226184
v -0.219476 1.160097 0.275238
v -0.170423 1.160097 0.315495
v -0.114457 1.160097 0.345409
v -0.053732 1.160097 0.363830
v 0.327224 1.162888 -0.019664
v 0.009421 1.160097 0.370050
v 0.072573 1.160097 0.363830
v 0.133299 1.160097 0.345409
v 0.189264 1.160097 0.315495
v 0.238318 1.160097 0.275238
v 0.278575 1.160097 0.226184
v 0.308489 1.160097 0.170219
v 0.326910 1.160097 0.109493
v 0.333130 1.160097 0.046341
v 0.326910 1.160097 -0.016812
v 0.308489 1.160097 -0.077538
v 0.278575 1.160097 -0.133503
v 0.238318 1.160097 -0.182556
v 0.189264 1.160097 -0.222814
v 0.133299 1.160097 -0.252728
v 0.072573 1.160097 -0.271149
v 0.009421 1.160097 -0.277369
v -0.053732 1.160097 -0.271149
v -0.114457 1.160097 -0.252728
v -0.170423 1.160097 -0.222814
v -0.219476 1.160097 -0.182556
v -0.259734 1.160097 -0.133503
v -0.289648 1.160097 -0.077538
v -0.308069 1.160097 -0.016812
v -0.314289 1.160097 0.046341
v -0.308069 1.160097 0.109493
v -0.289648 1.160097 0.170219
v -0.259734 1.160097 0.226184
v -0.219476 1.160097 0.275238
v -0.170423 1.160097 0.315495
v -0.114457 1.160097 0.345409
v -0.053732 1.160097 0.363830
v 0.327224 1.162888 -0.019664
v 0.006297 1.246678 0.516401
v 0.097102 1.246678 0.507458
v 0.184418 1.246678 0.480971
v 0.264889 1.246678 0.437958
v 0.335422 1.246678 0.380073
v 0.393307 1.246678 0.309540
v 0.436320 1.246678 0.229069
v 0.462807 1.246678 0.141754
v 0.471750 1.246678 0.050948
v 0.462807 1.246678 -0.039857
v 0.436320 1.246678 -0.127173
v 0.393307 1.246678 -0.207644
v 0.335422 1.246678 -0.278177
v 0.264889 1.246678 -0.336062
v 0.184418 1.246678 -0.379074
v 0.097102 1.246678 -0.405561
v 0.006297 1.246678 -0.414505
v -0.084508 1.246678 -0.405561
v -0.171824 1.246678 -0.379074
v -0.252295 1.246678 -0.336062
v -0.322828 1.246678 -0.278177
v -0.380713 1.246678 -0.207644
v -0.423725 1.246678 -0.127173
v -0.450212 1.246678 -0.039857
v -0.459156 1.246678 0.050948
v -0.450212 1.246678 0.141754
v -0.423725 1.246678 0.229069
v -0.380713 1.246678 0.309540
v -0.322828 1.246678 0.380073
v -0.252295 1.246678 0.437958
v -0.171824 1.246678 0.480971
v -0.084508 1.246678 0.507458
v 0.463257 1.250690 -0.043959
v -0.017613 1.366239 0.169282
v 0.004540 1.366239 0.167101
v 0.025842 1.366239 0.160639
v 0.045473 1.366239 0.150146
v 0.062680 1.366239 0.136024
v 0.076802 1.366239 0.118817
v 0.087295 1.366239 0.099185
v 0.093757 1.366239 0.077884
v 0.095939 1.366239 0.055731
v 0.093757 1.366239 0.033578
v 0.087295 1.366239 0.012277
v 0.076802 1.366239 -0.007355
v 0.062680 1.366239 -0.024562
v 0.045473 1.366239 -0.038684
v 0.025842 1.366239 -0.049177
v 0.004540 1.366239 -0.055638
v -0.017613 1.366239 -0.057820
v -0.039765 1.366239 -0.055638
v -0.061067 1.366239 -0.049177
v -0.080698 1.366239 -0.038684
v -0.097906 1.366239 -0.024562
v -0.112027 1.366239 -0.007355
v -0.122520 1.366239 0.012277
v -0.128982 1.366239 0.033578
v -0.131164 1.366239 0.055731
v -0.128982 1.366239 0.077884
v -0.122520 1.366239 0.099185
v -0.112027 1.366239 0.118817
v -0.097906 1.366239 0.136024
v -0.080698 1.366239 0.150146
v -0.061067 1.366239 0.160639
v -0.039765 1.366239 0.167101
v 0.093867 1.367218 0.032578
v -0.019027 1.610435 0.043781
v -0.019027 1.584503 -0.041706
v -0.019027 1.542050 -0.084159
v -0.019027 1.486582 -0.107134
v -0.019027 1.456563 -0.110091
v -0.019027 1.426545 -0.107134
v -0.019027 1.371077 -0.084159
v -0.019027 1.302692 0.043781
v -0.012468 1.607478 0.014338
v -0.006160 1.598722 -0.013972
v -0.000348 1.584503 -0.040063
v 0.004747 1.565367 -0.062932
v 0.008928 1.542050 -0.081700
v 0.012035 1.515447 -0.095646
v 0.013948 1.486582 -0.104234
v 0.014594 1.456563 -0.107134
v 0.013948 1.426545 -0.104234
v 0.012035 1.397679 -0.095646
v 0.008928 1.371077 -0.081700
v 0.004747 1.347760 -0.062932
v -0.000348 1.328624 -0.040063
v -0.006160 1.314405 -0.013972
v -0.012468 1.305649 0.014338
v -0.006160 1.607478 0.016047
v 0.006211 1.598722 -0.010621
v 0.017613 1.584503 -0.035199
v 0.027607 1.565367 -0.056741
v 0.035808 1.542050 -0.074420
v 0.041903 1.515447 -0.087557
v 0.045656 1.486582 -0.095646
v 0.046923 1.456563 -0.098378
v 0.045656 1.426545 -0.095646
v 0.041903 1.397679 -0.087557
v 0.035808 1.371077 -0.074420
v 0.027607 1.347760 -0.056741
v 0.017613 1.328624 -0.035199
v 0.006211 1.314405 -0.010621
v -0.006160 1.305649 0.016047
v -0.000348 1.607478 0.018821
v 0.017613 1.598722 -0.005180
v 0.034166 1.584503 -0.027299
v 0.048674 1.565367 -0.046686
v 0.060581 1.542050 -0.062597
v 0.069429 1.515447 -0.074420
v 0.074877 1.486582 -0.081700
v 0.076717 1.456563 -0.084159
v 0.074877 1.426545 -0.081700
v 0.069429 1.397679 -0.074420
v 0.060581 1.371077 -0.062597
v 0.048674 1.347760 -0.046686
v 0.034166 1.328624 -0.027299
v 0.017613 1.314405 -0.005180
v -0.000348 1.305649 0.018821
v 0.004747 1.607478 0.022554
v 0.027607 1.598722 0.002143
v 0.048674 1.584503 -0.016667
v 0.067140 1.565367 -0.033155
v 0.082295 1.542050 -0.046686
v 0.093556 1.515447 -0.056741
v 0.100490 1.486582 -0.062932
v 0.102832 1.456563 -0.065023
v 0.100490 1.426545 -0.062932
v 0.093556 1.397679 -0.056741
v 0.082295 1.371077 -0.046686
v 0.067140 1.347760 -0.033155
v 0.048674 1.328624 -0.016667
v 0.027607 1.314405 0.002143
v 0.004747 1.305649 0.022554
v 0.008928 1.607478 0.027103
v 0.035808 1.598722 0.011066
v 0.060581 1.584503 -0.003713
v 0.082295 1.565367 -0.016667
v 0.100115 1.542050 -0.027299
v 0.113356 1.515447 -0.035199
v 0.121511 1.486582 -0.040063
v 0.124264 1.456563 -0.041706
v 0.121511 1.426545 -0.040063
v 0.113356 1.397679 -0.035199
v 0.100115 1.371077 -0.027299
v 0.082295 1.347760 -0.016667
v 0.060581 1.328624 -0.003713
v 0.035808 1.314405 0.011066
v 0.008928 1.305649 0.027103
v 0.012035 1.607478 0.032293
v 0.041903 1.598722 0.021247
v 0.069429 1.584503 0.011066
v 0.093556 1.565367 0.002143
v 0.113356 1.542050 -0.005180
v 0.128070 1.515447 -0.010621
v 0.137130 1.486582 -0.013972
v 0.140189 1.456563 -0.015103
v 0.137130 1.426545 -0.013972
v 0.128070 1.397679 -0.010621
v 0.113356 1.371077 -0.005180
v 0.093556 1.347760 0.002143
v 0.069429 1.328624 0.011066
v 0.041903 1.314405 0.021247
v 0.012035 1.305649 0.032293
v 0.013948 1.607478 0.037924
v 0.045656 1.598722 0.032293
v 0.074877 1.584503 0.027103
v 0.100490 1.565367 0.022554
v 0.121511 1.542050 0.018821
v 0.137130 1.515447 0.016047
v 0.146748 1.486582 0.014339
v 0.149996 1.456563 0.013762
v 0.146748 1.426545 0.014339
v 0.137130 1.397679 0.016047
v 0.121511 1.371077 0.018821
v 0.100490 1.347760 0.022554
v 0.074877 1.328624 0.027103
v 0.045656 1.314405 0.032293
v 0.013948 1.305649 0.037924
v 0.014594 1.607478 0.043781
v 0.046923 1.598722 0.043781
v 0.076717 1.584503 0.043781
v 0.102832 1.565367 0.043781
v 0.124264 1.542050 0.043781
v 0.140189 1.515447 0.043780
v 0.149996 1.486582 0.043781
v 0.153307 1.456563 0.043781
v 0.149996 1.426545 0.043781
v 0.140189 1.397679 0.043780
v 0.124264 1.371077 0.043781
v 0.102832 1.347760 0.043781
v 0.076717 1.328624 0.043781
v 0.046923 1.314405 0.043781
v 0.014594 1.305649 0.043781
v 0.013948 1.607478 0.049637
v 0.045656 1.598722 0.055268
v 0.074877 1.584503 0.060458
v 0.100490 1.565367 0.065007
v 0.121511 1.542050 0.068740
v 0.137130 1.515447 0.071514
v 0.146748 1.486582 0.073223
v 0.149996 1.456563 0.073799
v 0.146748 1.426545 0.073223
v 0.137130 1.397679 0.071514
v 0.121511 1.371077 0.068740
v 0.100490 1.347760 0.065007
v 0.074877 1.328624 0.060458
v 0.045656 1.314405 0.055268
v 0.013948 1.305649 0.049637
v 0.012035 1.607478 0.055268
v 0.041903 1.598722 0.066314
v 0.069429 1.584503 0.076495
v 0.093556 1.565367 0.085418
v 0.113356 1.542050 0.092741
v 0.128070 1.515447 0.098182
v 0.137130 1.486582 0.101533
v 0.140189 1.456563 0.102664
v 0.137130 1.426545 0.101533
v 0.128070 1.397679 0.098182
v 0.113356 1.371077 0.092741
v 0.093556 1.347760 0.085418
v 0.069429 1.328624 0.076495
v 0.041903 1.314405 0.066314
v 0.012035 1.305649 0.055268
v 0.008928 1.607478 0.060458
v 0.035808 1.598722 0.076495
v 0.060581 1.584503 0.091274
v 0.082295 1.565367 0.104229
v 0.100115 1.542050 0.114860
v 0.113356 1.515447 0.122760
v 0.121511 1.486582 0.127624
v 0.124264 1.456563 0.129267
v 0.121511 1.426545 0.127624
v 0.113356 1.397679 0.122760
v 0.100115 1.371077 0.114860
v 0.082295 1.347760 0.104229
v 0.060581 1.328624 0.091274
v 0.035808 1.314405 0.076495
v 0.008928 1.305649 0.060458
v 0.004747 1.607478 0.065007
v 0.027607 1.598722 0.085418
v 0.048674 1.584503 0.104229
v 0.067140 1.565367 0.120716
v 0.082295 1.542050 0.134247
v 0.093556 1.515447 0.144302
v 0.100490 1.486582 0.150493
v 0.102832 1.456563 0.152584
v 0.100490 1.426545 0.150493
v 0.093556 1.397679 0.144302
v 0.082295 1.371077 0.134247
v 0.067140 1.347760 0.120716
v 0.048674 1.328624 0.104229
v 0.027607 1.314405 0.085418
v 0.004747 1.305649 0.065007
v -0.000348 1.607478 0.068740
v 0.017613 1.598722 0.092741
v 0.034166 1.584503 0.114860
v 0.048674 1.565367 0.134247
v 0.060581 1.542050 0.150158
v 0.069429 1.515447 0.161981
v 0.074877 1.486582 0.169261
v 0.076717 1.456563 0.171720
v 0.074877 1.426545 0.169261
v 0.069429 1.397679 0.161981
v 0.060581 1.371077 0.150158
v 0.048674 1.347760 0.134247
v 0.034166 1.328624 0.114860
v 0.017613 1.314405 0.092741
v -0.000348 1.305649 0.068740
v -0.006160 1.607478 0.071514
v 0.006211 1.598722 0.098182
v 0.017613 1.584503 0.122760
v 0.027607 1.565367 0.144302
v 0.035808 1.542050 0.161981
v 0.041903 1.515447 0.175118
v 0.045656 1.486582 0.183208
v 0.046923 1.456563 0.185939
v 0.045656 1.426545 0.183208
v 0.041903 1.397679 0.175118
v 0.035808 1.371077 0.161981
v 0.027607 1.347760 0.144302
v 0.017613 1.328624 0.122760
v 0.006211 1.314405 0.098182
v -0.006160 1.305649 0.071514
v -0.012468 1.607478 0.073222
v -0.006160 1.598722 0.101533
v -0.000348 1.584503 0.127624
v 0.004747 1.565367 0.150493
v 0.008928 1.542050 0.169261
v 0.012035 1.515447 0.183208
v 0.013948 1.486582 0.191795
v 0.014594 1.456563 0.194695
v 0.013948 1.426545 0.191795
v 0.012035 1.397679 0.183208
v 0.008928 1.371077 0.169261
v 0.004747 1.347760 0.150493
v -0.000348 1.328624 0.127624
v -0.006160 1.314405 0.101533
v -0.012468 1.305649 0.073222
v -0.019027 1.607478 0.073799
v -0.019027 1.598722 0.102664
v -0.019027 1.584503 0.129267
v -0.019027 1.565367 0.152584
v -0.019027 1.542050 0.171720
v -0.019027 1.515447 0.185939
v -0.019027 1.486582 0.194695
v -0.019027 1.456563 0.197652
v -0.019027 1.426545 0.194695
v -0.019027 1.397679 0.185939
v -0.019027 1.371077 0.171720
v -0.019027 1.347760 0.152584
v -0.019027 1.328624 0.129267
v -0.019027 1.314405 0.102664
v -0.019027 1.305649 0.073799
v -0.025586 1.607478 0.073222
v -0.031893 1.598722 0.101533
v -0.037705 1.584503 0.127624
v -0.042800 1.565367 0.150493
v -0.046981 1.542050 0.169261
v -0.050088 1.515447 0.183208
v -0.052001 1.486582 0.191795
v -0.052647 1.456563 0.194695
v -0.052001 1.426545 0.191795
v -0.050088 1.397679 0.183208
v -0.046981 1.371077 0.169261
v -0.042800 1.347760 0.150493
v -0.037705 1.328624 0.127624
v -0.031893 1.314405 0.101533
v -0.025586 1.305649 0.073222
v -0.031893 1.607478 0.071514
v -0.044264 1.598722 0.098182
v -0.055666 1.584503 0.122759
v -0.065660 1.565367 0.144302
v -0.073861 1.542050 0.161981
v -0.079956 1.515447 0.175118
v -0.083709 1.486582 0.183207
v -0.084976 1.456563 0.185939
v -0.083709 1.426545 0.183207
v -0.079956 1.397679 0.175118
v -0.073861 1.371077 0.161981
v -0.065660 1.347760 0.144302
v -0.055666 1.328624 0.122759
v -0.044264 1.314405 0.098182
v -0.031893 1.305649 0.071514
v -0.037705 1.607478 0.068740
v -0.055666 1.598722 0.092741
v -0.072219 1.584503 0.114860
v -0.086727 1.565367 0.134247
v -0.098634 1.542050 0.150158
v -0.107482 1.515447 0.161981
v -0.112930 1.486582 0.169261
v -0.114770 1.456563 0.171720
v -0.112930 1.426545 0.169261
v -0.107482 1.397679 0.161981
v -0.098634 1.371077 0.150158
v -0.086727 1.347760 0.134247
v -0.072219 1.328624 0.114860
v -0.055666 1.314405 0.092741
v -0.037705 1.305649 0.068740
v -0.042800 1.607478 0.065007
v -0.065660 1.598722 0.085418
v -0.086727 1.584503 0.104228
v -0.105194 1.565367 0.120716
v -0.120348 1.542050 0.134247
v -0.131609 1.515447 0.144302
v -0.138543 1.486582 0.150493
v -0.140885 1.456563 0.152584
v -0.138543 1.426545 0.150493
v -0.131609 1.397679 0.144302
v -0.120348 1.371077 0.134247
v -0.105194 1.347760 0.120716
v -0.086727 1.328624 0.104228
v -0.065660 1.314405 0.085418
v -0.042800 1.305649 0.065007
v -0.046981 1.607478 0.060458
v -0.073861 1.598722 0.076495
v -0.098634 1.584503 0.091274
v -0.120348 1.565367 0.104229
v -0.138168 1.542050 0.114860
v -0.151409 1.515447 0.122760
v -0.159564 1.486582 0.127624
v -0.162317 1.456563 0.129267
v -0.159564 1.426545 0.127624
v -0.151409 1.397679 0.122760
v -0.138168 1.371077 0.114860
v -0.120348 1.347760 0.104229
v -0.098634 1.328624 0.091274
v -0.073861 1.314405 0.076495
v -0.046981 1.305649 0.060458
v -0.050088 1.607478 0.055268
v -0.079956 1.598722 0.066314
v -0.107482 1.584503 0.076495
v -0.131609 1.565367 0.085418
v -0.151409 1.542050 0.092741
v -0.166123 1.515447 0.098182
v -0.175183 1.486582 0.101533
v -0.178242 1.456563 0.102664
v -0.175183 1.426545 0.101533
v -0.166123 1.397679 0.098182
v -0.151409 1.371077 0.092741
v -0.131609 1.347760 0.085418
v -0.107482 1.328624 0.076495
v -0.079956 1.314405 0.066314
v -0.050088 1.305649 0.055268
v -0.052001 1.607478 0.049637
v -0.083709 1.598722 0.055268
v -0.112930 1.584503 0.060458
v -0.138543 1.565367 0.065007
v -0.159564 1.542050 0.068740
v -0.175183 1.515447 0.071514
v -0.184801 1.486582 0.073222
v -0.188049 1.456563 0.073799
v -0.184801 1.426545 0.073222
v -0.175183 1.397679 0.071514
v -0.159564 1.371077 0.068740
v -0.138543 1.347760 0.065007
v -0.112930 1.328624 0.060458
v -0.083709 1.314405 0.055268
v -0.052001 1.305649 0.049637
v -0.052647 1.607478 0.043781
v -0.084976 1.598722 0.043780
v -0.114770 1.584503 0.043780
v -0.140885 1.565367 0.043780
v -0.162317 1.542050 0.043780
v -0.178242 1.515447 0.043781
v -0.188049 1.486582 0.043780
v -0.191360 1.456563 0.043780
v -0.188049 1.426545 0.043780
v -0.178242 1.397679 0.043781
v -0.162317 1.371077 0.043780
v -0.140885 1.347760 0.043780
v -0.114770 1.328624 0.043780
v -0.084976 1.314405 0.043780
v -0.052647 1.305649 0.043781
v -0.052001 1.607478 0.037924
v -0.083709 1.598722 0.032293
v -0.112930 1.584503 0.027103
v -0.138543 1.565367 0.022554
v -0.159564 1.542050 0.018821
v -0.175183 1.515447 0.016047
v -0.184801 1.486582 0.014338
v -0.188049 1.456563 0.013762
v -0.184801 1.426545 0.014338
v -0.175183 1.397679 0.016047
v -0.159564 1.371077 0.018821
v -0.138543 1.347760 0.022554
v -0.112930 1.328624 0.027103
v -0.083709 1.314405 0.032293
v -0.052001 1.305649 0.037924
v -0.050088 1.607478 0.032293
v -0.079956 1.598722 0.021247
v -0.107482 1.584503 0.011066
v -0.131609 1.565367 0.002143
v -0.151409 1.542050 -0.005180
v -0.166123 1.515447 -0.010621
v -0.175183 1.486582 -0.013972
v -0.178242 1.456563 -0.015104
v -0.175183 1.426545 -0.013972
v -0.166123 1.397679 -0.010621
v -0.151409 1.371077 -0.005180
v -0.131609 1.347760 0.002143
v -0.107482 1.328624 0.011066
v -0.079956 1.314405 0.021247
v -0.050088 1.305649 0.032293
v -0.046981 1.607478 0.027103
v -0.073861 1.598722 0.011066
v -0.098634 1.584503 -0.003713
v -0.120348 1.565367 -0.016667
v -0.138168 1.542050 -0.027299
v -0.151409 1.515447 -0.035199
v -0.159564 1.486582 -0.040063
v -0.162317 1.456563 -0.041706
v -0.159564 1.426545 -0.040063
v -0.151409 1.397679 -0.035199
v -0.138168 1.371077 -0.027299
v -0.120348 1.347760 -0.016667
v -0.098634 1.328624 -0.003713
v -0.073861 1.314405 0.011066
v -0.046981 1.305649 0.027103
v -0.042800 1.607478 0.022554
v -0.065660 1.598722 0.002143
v -0.086727 1.584503 -0.016667
v -0.105193 1.565367 -0.033155
v -0.120348 1.542050 -0.046686
v -0.131609 1.515447 -0.056741
v -0.138543 1.486582 -0.062932
v -0.140885 1.456563 -0.065023
v -0.138543 1.426545 -0.062932
v -0.131609 1.397679 -0.056741
v -0.120348 1.371077 -0.046686
v -0.105193 1.347760 -0.033155
v -0.086727 1.328624 -0.016667
v -0.065660 1.314405 0.002143
v -0.042800 1.305649 0.022554
v -0.037705 1.607478 0.018821
v -0.055666 1.598722 -0.005180
v -0.072219 1.584503 -0.027299
v -0.086727 1.565367 -0.046686
v -0.098634 1.542050 -0.062597
v -0.107482 1.515447 -0.074420
v -0.112930 1.486582 -0.081700
v -0.114770 1.456563 -0.084159
v -0.112930 1.426545 -0.081700
v -0.107482 1.397679 -0.074420
v -0.098634 1.371077 -0.062597
v -0.086727 1.347760 -0.046686
v -0.072219 1.328624 -0.027299
v -0.055666 1.314405 -0.005180
v -0.037705 1.305649 0.018821
v -0.031893 1.607478 0.016047
v -0.044264 1.598722 -0.010621
v -0.055666 1.584503 -0.035198
v -0.065660 1.565367 -0.056741
v -0.073861 1.542050 -0.074420
v -0.079956 1.515447 -0.087557
v -0.083709 1.486582 -0.095646
v -0.084976 1.456563 -0.098378
v -0.083709 1.426545 -0.095646
v -0.079956 1.397679 -0.087557
v -0.073861 1.371077 -0.074420
v -0.065660 1.347760 -0.056741
v -0.055666 1.328624 -0.035198
v -0.044264 1.314405 -0.010621
v -0.031893 1.305649 0.016047
v -0.025586 1.607478 0.014339
v -0.031893 1.598722 -0.013972
v -0.037705 1.584503 -0.040063
v -0.042800 1.565367 -0.062932
v -0.046981 1.542050 -0.081700
v -0.050088 1.515447 -0.095646
v -0.052001 1.486582 -0.104234
v -0.052647 1.456563 -0.107134
v -0.052001 1.426545 -0.104234
v -0.050088 1.397679 -0.095646
v -0.046981 1.371077 -0.081700
v -0.042800 1.347760 -0.062932
v -0.037705 1.328624 -0.040063
v -0.031893 1.314405 -0.013972
v -0.025586 1.305649 0.014339
v -0.019027 1.607478 0.013762
v -0.019027 1.598722 -0.015103
v -0.019027 1.565367 -0.065023
v -0.019027 1.515447 -0.098378
v -0.019027 1.397679 -0.098378
v -0.019027 1.347760 -0.065023
v -0.019027 1.328624 -0.041706
v -0.019027 1.314405 -0.015103
v -0.019027 1.305649 0.013762
vn -0.0000 -0.0000 -1.0000
vn -0.0000 -1.0000 -0.0000
vn -0.0000 -0.0000 1.0000
vn -0.0000 -1.0000 0.0001
vn -0.0000 -1.0000 -0.0001
vn 0.0975 0.1006 0.9901
vn -0.7687 0.1053 0.6309
vn 0.2889 0.0992 -0.9522
vn 0.2888 0.0995 0.9522
vn -0.6309 0.1046 0.7688
vn 0.0975 0.1002 -0.9902
vn 0.4691 0.0985 0.8776
vn -0.4689 0.1037 0.8772
vn -0.0975 0.1013 -0.9901
vn 0.6314 0.0976 0.7693
vn -0.2887 0.1027 0.9519
vn -0.2888 0.1024 -0.9519
vn 0.7694 0.0968 0.6314
vn -0.0975 0.1017 0.9900
vn -0.4689 0.1034 -0.8772
vn 0.8778 0.0962 0.4692
vn -0.6309 0.1043 -0.7688
vn 0.9525 0.0957 0.2890
vn -0.7687 0.1051 -0.6309
vn 0.9906 0.0955 0.0976
vn -0.8770 0.1057 -0.4688
vn 0.9906 0.0955 -0.0976
vn -0.9515 0.1062 -0.2886
vn 0.9526 0.0956 -0.2890
vn -0.9895 0.1064 -0.0975
vn 0.8778 0.0960 -0.4692
vn -0.9895 0.1064 0.0975
vn 0.7694 0.0966 -0.6314
vn -0.9515 0.1063 0.2886
vn 0.6314 0.0973 -0.7693
vn -0.8770 0.1059 0.4687
vn 0.4691 0.0982 -0.8777
vn 0.2619 0.4312 0.8634
vn -0.5672 0.4479 0.6911
vn 0.0885 0.4300 -0.8985
vn 0.4261 0.4276 0.7972
vn -0.4221 0.4452 0.7897
vn -0.0883 0.4337 -0.8967
vn 0.5745 0.4243 0.7000
vn -0.2604 0.4420 0.8584
vn -0.2611 0.4374 -0.8606
vn 0.7011 0.4213 0.5754
vn -0.0881 0.4386 0.8944
vn -0.4231 0.4409 -0.7916
vn 0.8009 0.4188 0.4281
vn -0.8398 -0.3390 -0.4240
vn -0.5684 0.4442 -0.6926
vn 0.8698 0.4169 0.2639
vn -0.6915 0.4471 -0.5675
vn 0.9051 0.4157 0.0891
vn -0.7878 0.4494 -0.4211
vn 0.9054 0.4152 -0.0892
vn -0.8540 0.4512 -0.2590
vn 0.8705 0.4154 -0.2641
vn -0.8875 0.4524 -0.0874
vn 0.8018 0.4164 -0.4286
vn -0.8873 0.4529 0.0874
vn 0.7022 0.4181 -0.5763
vn -0.8533 0.4526 0.2588
vn 0.5756 0.4204 -0.7014
vn -0.7868 0.4517 0.4206
vn 0.4271 0.4232 -0.7990
vn 0.0883 0.4349 0.8961
vn -0.6903 0.4501 0.5665
vn 0.2626 0.4265 -0.8656
vn 0.2784 0.8071 0.5208
vn -0.2722 0.8164 0.5093
vn -0.0599 0.7912 -0.6087
vn 0.3771 0.8041 0.4595
vn -0.1680 0.8154 0.5539
vn -0.1765 0.7938 -0.5820
vn 0.4627 0.8011 0.3797
vn -0.0569 0.8140 0.5781
vn -0.2849 0.7967 -0.5330
vn 0.5315 0.7980 0.2841
vn -0.5469 -0.5677 -0.6153
vn -0.3808 0.7998 -0.4640
vn 0.5805 0.7950 0.1761
vn -0.4609 0.8028 -0.3782
vn 0.6073 0.7922 0.0598
vn -0.5222 0.8058 -0.2791
vn 0.6104 0.7898 -0.0601
vn -0.5630 0.8086 -0.1708
vn 0.5894 0.7878 -0.1788
vn -0.5821 0.8111 -0.0573
vn 0.5448 0.7864 -0.2912
vn -0.5792 0.8132 0.0570
vn 0.4783 0.7856 -0.3925
vn -0.5547 0.8149 0.1683
vn 0.3926 0.7855 -0.4784
vn -0.5097 0.8161 0.2725
vn 0.2914 0.7860 -0.5452
vn 0.0572 0.8121 0.5808
vn -0.4461 0.8167 0.3661
vn 0.1790 0.7872 -0.5902
vn 0.1703 0.8097 0.5615
vn -0.3660 0.8168 0.4459
vn 0.0602 0.7889 -0.6116
vn 0.7178 0.3711 0.5891
vn -0.0906 0.3823 0.9196
vn -0.4278 0.4198 -0.8005
vn 0.8187 0.3717 0.4376
vn -0.8665 -0.3058 -0.3945
vn -0.5754 0.4211 -0.7011
vn 0.8878 0.3732 0.2693
vn -0.7010 0.4215 -0.5753
vn 0.9223 0.3757 0.0908
vn -0.8000 0.4210 -0.4276
vn 0.9209 0.3790 -0.0907
vn -0.8687 0.4195 -0.2635
vn 0.8840 0.3829 -0.2682
vn -0.9044 0.4172 -0.0891
vn 0.8131 0.3874 -0.4346
vn -0.9058 0.4141 0.0892
vn 0.7111 0.3922 -0.5836
vn -0.8727 0.4103 0.2647
vn 0.5822 0.3971 -0.7094
vn -0.8060 0.4060 0.4308
vn 0.4316 0.4020 -0.8075
vn 0.0907 0.3785 0.9212
vn -0.7080 0.4013 0.5811
vn 0.2652 0.4067 -0.8742
vn 0.2691 0.3753 0.8870
vn -0.5824 0.3964 0.7097
vn 0.0894 0.4109 -0.9073
vn 0.4374 0.3730 0.8183
vn -0.4338 0.3915 0.8115
vn -0.0892 0.4146 -0.9056
vn 0.5890 0.3715 0.7177
vn -0.2677 0.3867 0.8825
vn -0.2638 0.4176 -0.8695
vn 0.8815 -0.0300 0.4712
vn -0.9955 0.0162 -0.0933
vn -0.6339 0.0389 -0.7724
vn 0.9567 -0.0236 0.2902
vn -0.7725 0.0351 -0.6340
vn 0.9950 -0.0164 0.0980
vn -0.8815 0.0300 -0.4712
vn 0.9951 -0.0085 -0.0980
vn -0.9567 0.0236 -0.2902
vn 0.9569 -0.0003 -0.2903
vn -0.9950 0.0164 -0.0980
vn 0.8819 0.0079 -0.4714
vn -0.9951 0.0085 0.0980
vn 0.7729 0.0158 -0.6343
vn -0.9569 0.0003 0.2903
vn 0.6342 0.0231 -0.7728
vn -0.8819 -0.0079 0.4714
vn 0.4712 0.0295 -0.8815
vn 0.0979 -0.0411 0.9943
vn -0.7729 -0.0158 0.6343
vn 0.2901 0.0348 -0.9564
vn 0.2900 -0.0420 0.9561
vn -0.6342 -0.0231 0.7728
vn 0.0979 0.0387 -0.9944
vn 0.4710 -0.0413 0.8812
vn -0.4712 -0.0295 0.8815
vn -0.0979 0.0411 -0.9943
vn 0.6339 -0.0389 0.7724
vn -0.2901 -0.0348 0.9564
vn -0.2900 0.0420 -0.9561
vn 0.7725 -0.0351 0.6340
vn -0.0979 -0.0387 0.9944
vn -0.4710 0.0413 -0.8812
vn -0.0003 -1.0000 -0.0001
vn -0.0002 -1.0000 -0.0001
vn 0.0002 -1.0000 0.0001
vn 0.0002 -1.0000 0.0002
vn -0.0003 -1.0000 -0.0000
vn 0.0002 -1.0000 -0.0000
vn -0.0002 -1.0000 0.0001
vn -0.0003 -1.0000 0.0001
vn 0.0003 -1.0000 -0.0000
vn -0.0002 -1.0000 0.0002
vn 0.0002 -1.0000 -0.0001
vn -0.0001 -1.0000 0.0002
vn -0.0001 -1.0000 -0.0003
vn -0.0000 -1.0000 -0.0003
vn 0.0002 -1.0000 -0.0002
vn -0.0001 -1.0000 0.0003
vn -0.0001 -1.0000 -0.0002
vn 0.0001 -1.0000 -0.0002
vn -0.0000 -1.0000 0.0003
vn 0.0001 -1.0000 0.0003
vn -0.0002 -1.0000 -0.0002
vn 0.0001 -1.0000 -0.0003
vn 0.0001 -1.0000 0.0002
vn 0.1393 0.7000 0.7004
vn 0.9951 -0.0148 0.0980
vn -0.8817 0.0240 -0.4713
vn 0.9951 -0.0093 -0.0980
vn -0.9568 0.0198 -0.2902
vn 0.9569 -0.0034 -0.2903
vn -0.9951 0.0148 -0.0980
vn 0.8819 0.0026 -0.4714
vn -0.9951 0.0093 0.0980
vn 0.7730 0.0085 -0.6344
vn -0.9569 0.0034 0.2903
vn 0.6343 0.0141 -0.7729
vn -0.8819 -0.0026 0.4714
vn 0.4713 0.0191 -0.8818
vn 0.0980 -0.0292 0.9948
vn -0.7730 -0.0085 0.6344
vn 0.2902 0.0234 -0.9567
vn 0.2901 -0.0305 0.9565
vn -0.6343 -0.0141 0.7729
vn 0.0980 0.0268 -0.9948
vn 0.4712 -0.0306 0.8815
vn -0.4713 -0.0191 0.8818
vn -0.0980 0.0292 -0.9948
vn 0.6341 -0.0295 0.7727
vn -0.2902 -0.0234 0.9567
vn -0.2902 0.0305 -0.9565
vn 0.7727 -0.0272 0.6342
vn -0.0980 -0.0268 0.9948
vn -0.4712 0.0306 -0.8815
vn 0.8817 -0.0240 0.4713
vn -0.9954 0.0147 -0.0950
vn -0.6341 0.0295 -0.7727
vn 0.9568 -0.0198 0.2902
vn -0.7727 0.0272 -0.6342
vn 0.8650 -0.4945 -0.0852
vn -0.8338 -0.4907 -0.2529
vn 0.8365 -0.4857 -0.2537
vn -0.8621 -0.4997 -0.0849
vn 0.7749 -0.4774 -0.4142
vn -0.8569 -0.5085 0.0844
vn 0.6823 -0.4699 -0.5600
vn -0.8192 -0.5169 0.2485
vn 0.5621 -0.4636 -0.6849
vn -0.7508 -0.5246 0.4013
vn 0.4189 -0.4588 -0.7836
vn 0.0822 -0.5443 0.8348
vn -0.6549 -0.5313 0.5375
vn 0.2584 -0.4556 -0.8519
vn 0.2439 -0.5423 0.8040
vn -0.5352 -0.5368 0.6522
vn 0.0873 -0.4542 -0.8866
vn 0.3971 -0.5388 0.7430
vn -0.3965 -0.5410 0.7417
vn -0.0873 -0.4548 -0.8863
vn 0.5364 -0.5338 0.6537
vn -0.2436 -0.5437 0.8032
vn -0.2582 -0.4572 -0.8511
vn 0.6567 -0.5276 0.5389
vn -0.0822 -0.5448 0.8345
vn -0.4182 -0.4613 -0.7825
vn 0.7532 -0.5203 0.4026
vn -0.8002 0.4703 0.3722
vn -0.5609 -0.4671 -0.6835
vn 0.8219 -0.5121 0.2493
vn -0.6806 -0.4741 -0.5586
vn 0.8599 -0.5035 0.0847
vn -0.7727 -0.4821 -0.4130
vn 0.4733 -0.8438 -0.2530
vn -0.5112 -0.8580 0.0503
vn 0.4157 -0.8431 -0.3412
vn -0.4896 -0.8592 0.1485
vn 0.3416 -0.8427 -0.4162
vn -0.4499 -0.8601 0.2405
vn 0.2538 -0.8427 -0.4748
vn 0.0502 -0.8591 0.5093
vn -0.3935 -0.8607 0.3229
vn 0.1561 -0.8431 -0.5146
vn 0.1492 -0.8579 0.4917
vn -0.3226 -0.8611 0.3931
vn 0.0526 -0.8439 -0.5340
vn 0.2433 -0.8565 0.4552
vn -0.2397 -0.8610 0.4485
vn -0.0524 -0.8450 -0.5323
vn 0.3292 -0.8548 0.4011
vn -0.1478 -0.8607 0.4872
vn -0.1546 -0.8463 -0.5097
vn 0.4033 -0.8531 0.3310
vn -0.0500 -0.8601 0.5077
vn -0.2499 -0.8479 -0.4676
vn 0.4627 -0.8513 0.2473
vn -0.3324 0.6922 0.6406
vn -0.3346 -0.8496 -0.4077
vn 0.5049 -0.8495 0.1532
vn -0.4054 -0.8514 -0.3327
vn 0.5278 -0.8478 0.0520
vn -0.4600 -0.8532 -0.2459
vn 0.5303 -0.8462 -0.0522
vn -0.4964 -0.8550 -0.1506
vn 0.5119 -0.8449 -0.1553
vn -0.5135 -0.8566 -0.0506
vn -0.0966 0.9430 0.3185
vn -0.0944 0.9457 -0.3111
vn 0.2402 0.9505 0.1972
vn -0.0323 0.9443 0.3275
vn -0.1551 0.9443 -0.2902
vn 0.2718 0.9513 0.1453
vn -0.3455 -0.6516 -0.6753
vn -0.2111 0.9430 -0.2573
vn 0.2930 0.9520 0.0889
vn -0.2600 0.9417 -0.2134
vn 0.3034 0.9524 0.0299
vn -0.2993 0.9406 -0.1600
vn 0.3027 0.9526 -0.0298
vn -0.3271 0.9398 -0.0992
vn 0.2911 0.9526 -0.0883
vn -0.3419 0.9392 -0.0337
vn 0.2688 0.9524 -0.1437
vn -0.3427 0.9388 0.0338
vn 0.2367 0.9520 -0.1942
vn -0.3296 0.9388 0.1000
vn 0.1955 0.9513 -0.2382
vn -0.3030 0.9391 0.1619
vn 0.1465 0.9505 -0.2741
vn 0.0319 0.9457 0.3235
vn -0.2642 0.9398 0.2169
vn 0.0911 0.9495 -0.3003
vn 0.0932 0.9470 0.3073
vn -0.2153 0.9406 0.2624
vn 0.0311 0.9483 -0.3158
vn 0.1496 0.9483 0.2799
vn -0.1586 0.9417 0.2967
vn -0.0315 0.9470 -0.3196
vn 0.1991 0.9495 0.2426
vn -0.0773 -0.4700 0.8793
vn -0.0414 0.8812 0.4710
vn -0.0839 -0.2893 0.9536
vn -0.0255 0.9566 0.2902
vn -0.0872 -0.0977 0.9914
vn -0.0086 -0.9951 0.0980
vn -0.0086 0.9951 0.0980
vn -0.0872 0.0977 0.9914
vn -0.0255 -0.9566 0.2902
vn -0.0839 0.2893 0.9536
vn -0.0414 -0.8812 0.4710
vn -0.0773 0.4700 0.8793
vn -0.0557 -0.7718 0.6334
vn -0.0678 0.6329 0.7712
vn -0.0678 -0.6329 0.7712
vn -0.0557 0.7718 0.6334
vn -0.2018 0.6358 0.7450
vn -0.2018 -0.6358 0.7450
vn -0.1655 0.7742 0.6110
vn -0.2303 -0.4728 0.8505
vn -0.1229 0.8827 0.4537
vn -0.2501 -0.2913 0.9234
vn -0.0756 0.9572 0.2792
vn -0.2602 -0.0984 0.9605
vn -0.0255 -0.9952 0.0943
vn -0.0255 0.9952 0.0943
vn -0.2602 0.0984 0.9605
vn -0.0756 -0.9572 0.2792
vn -0.2501 0.2913 0.9234
vn -0.1229 -0.8827 0.4537
vn -0.2303 0.4728 0.8505
vn -0.1655 -0.7742 0.6110
vn -0.0415 0.9954 0.0869
vn -0.4286 0.0998 0.8980
vn -0.1230 -0.9584 0.2576
vn -0.4115 0.2951 0.8623
vn -0.2002 -0.8855 0.4194
vn -0.3783 0.4781 0.7927
vn -0.2703 -0.7786 0.5663
vn -0.3305 0.6413 0.6925
vn -0.3305 -0.6413 0.6925
vn -0.2703 0.7786 0.5663
vn -0.3783 -0.4781 0.7927
vn -0.2002 0.8855 0.4194
vn -0.4115 -0.2951 0.8623
vn -0.1230 0.9584 0.2576
vn -0.4286 -0.0998 0.8980
vn -0.0415 -0.9954 0.0869
vn -0.3665 0.7846 0.5001
vn -0.5168 -0.4853 0.7053
vn -0.2705 0.8891 0.3691
vn -0.5638 -0.3004 0.7694
vn -0.1657 0.9599 0.2262
vn -0.5880 -0.1018 0.8024
vn -0.0558 -0.9955 0.0762
vn -0.0558 0.9955 0.0762
vn -0.5880 0.1018 0.8024
vn -0.1657 -0.9599 0.2262
vn -0.5638 0.3004 0.7694
vn -0.2705 -0.8891 0.3691
vn -0.5168 0.4853 0.7053
vn -0.3665 -0.7846 0.5001
vn -0.4498 0.6486 0.6139
vn -0.4498 -0.6486 0.6139
vn -0.2023 -0.9615 0.1859
vn -0.7008 0.3065 0.6442
vn -0.3311 -0.8932 0.3043
vn -0.6403 0.4935 0.5886
vn -0.4503 -0.7911 0.4139
vn -0.5551 0.6569 0.5102
vn -0.5551 -0.6569 0.5102
vn -0.4503 0.7912 0.4139
vn -0.6403 -0.4935 0.5886
vn -0.3311 0.8932 0.3043
vn -0.7008 -0.3065 0.6441
vn -0.2023 0.9615 0.1859
vn -0.7322 -0.1040 0.6731
vn -0.0680 -0.9957 0.0625
vn -0.0680 0.9957 0.0625
vn -0.7322 0.1040 0.6731
vn -0.7423 -0.5015 0.4444
vn -0.3793 0.8970 0.2271
vn -0.8150 -0.3125 0.4879
vn -0.2311 0.9630 0.1384
vn -0.8532 -0.1062 0.5107
vn -0.0776 -0.9959 0.0464
vn -0.0776 0.9959 0.0465
vn -0.8532 0.1062 0.5107
vn -0.2311 -0.9630 0.1384
vn -0.8150 0.3125 0.4879
vn -0.3793 -0.8970 0.2271
vn -0.7423 0.5015 0.4444
vn -0.5178 -0.7974 0.3100
vn -0.6410 0.6648 0.3837
vn -0.6410 -0.6648 0.3837
vn -0.5178 0.7974 0.3100
vn -0.8979 0.3172 0.3051
vn -0.4130 -0.8999 0.1403
vn -0.8157 0.5078 0.2771
vn -0.5653 -0.8022 0.1920
vn -0.7020 0.6710 0.2385
vn -0.7020 -0.6710 0.2385
vn -0.5653 0.8022 0.1920
vn -0.8157 -0.5078 0.2771
vn -0.4130 0.8999 0.1403
vn -0.8979 -0.3173 0.3051
vn -0.2511 0.9642 0.0853
vn -0.9413 -0.1080 0.3198
vn -0.0842 -0.9960 0.0286
vn -0.0842 0.9960 0.0286
vn -0.9413 0.1080 0.3198
vn -0.2511 -0.9642 0.0853
vn -0.4302 0.9015 0.0475
vn -0.9417 -0.3199 0.1039
vn -0.2613 0.9648 0.0288
vn -0.9881 -0.1090 0.1090
vn -0.0876 -0.9961 0.0096
vn -0.0876 0.9961 0.0097
vn -0.9880 0.1090 0.1090
vn -0.2613 -0.9648 0.0288
vn -0.9417 0.3199 0.1039
vn -0.4302 -0.9015 0.0475
vn -0.8542 0.5114 0.0942
vn -0.5898 -0.8049 0.0651
vn -0.7338 0.6745 0.0809
vn -0.7338 -0.6745 0.0809
vn -0.5898 0.8049 0.0651
vn -0.8542 -0.5113 0.0942
vn -0.4302 -0.9015 -0.0475
vn -0.8542 0.5113 -0.0942
vn -0.5898 -0.8049 -0.0651
vn -0.7338 0.6745 -0.0810
vn -0.7338 -0.6745 -0.0810
vn -0.5898 0.8049 -0.0651
vn -0.8542 -0.5113 -0.0942
vn -0.4302 0.9015 -0.0475
vn -0.9417 -0.3199 -0.1039
vn -0.2613 0.9648 -0.0288
vn -0.9881 -0.1090 -0.1090
vn -0.0876 -0.9961 -0.0096
vn -0.0876 0.9961 -0.0097
vn -0.9880 0.1090 -0.1090
vn -0.2613 -0.9648 -0.0288
vn -0.9417 0.3199 -0.1039
vn -0.8979 -0.3173 -0.3051
vn -0.2511 0.9642 -0.0853
vn -0.9413 -0.1080 -0.3198
vn -0.0842 -0.9960 -0.0286
vn -0.0842 0.9960 -0.0286
vn -0.9413 0.1080 -0.3198
vn -0.2511 -0.9642 -0.0853
vn -0.8979 0.3172 -0.3051
vn -0.4130 -0.8999 -0.1403
vn -0.8157 0.5078 -0.2771
vn -0.5653 -0.8022 -0.1920
vn -0.7020 0.6710 -0.2385
vn -0.7020 -0.6710 -0.2385
vn -0.5653 0.8022 -0.1920
vn -0.8157 -0.5078 -0.2771
vn -0.4130 0.8999 -0.1403
vn -0.7423 0.5015 -0.4444
vn -0.5178 -0.7974 -0.3100
vn -0.6410 0.6648 -0.3837
vn -0.6410 -0.6648 -0.3837
vn -0.5178 0.7974 -0.3100
vn -0.7423 -0.5015 -0.4444
vn -0.3793 0.8970 -0.2271
vn -0.8150 -0.3125 -0.4879
vn -0.2311 0.9630 -0.1384
vn -0.8532 -0.1062 -0.5107
vn -0.0776 -0.9959 -0.0464
vn -0.0776 0.9959 -0.0465
vn -0.8532 0.1062 -0.5107
vn -0.2311 -0.9630 -0.1384
vn -0.8150 0.3125 -0.4879
vn -0.3793 -0.8970 -0.2271
vn -0.2023 0.9615 -0.1859
vn -0.7322 -0.1040 -0.6731
vn -0.0680 -0.9957 -0.0625
vn -0.0680 0.9957 -0.0625
vn -0.7322 0.1040 -0.6731
vn -0.2023 -0.9615 -0.1859
vn -0.7008 0.3065 -0.6442
vn -0.3311 -0.8932 -0.3043
vn -0.6403 0.4935 -0.5886
vn -0.4503 -0.7912 -0.4139
vn -0.5551 0.6569 -0.5102
vn -0.5551 -0.6569 -0.5102
vn -0.4503 0.7912 -0.4139
vn -0.6403 -0.4935 -0.5886
vn -0.3311 0.8932 -0.3043
vn -0.7008 -0.3065 -0.6442
vn -0.0558 -0.9955 -0.0762
vn -0.0558 0.9955 -0.0762
vn -0.5880 0.1018 -0.8024
vn -0.1657 -0.9599 -0.2262
vn -0.5638 0.3004 -0.7694
vn -0.2705 -0.8891 -0.3691
vn -0.5168 0.4853 -0.7053
vn -0.3665 -0.7846 -0.5001
vn -0.4499 0.6486 -0.6139
vn -0.4499 -0.6486 -0.6139
vn -0.3665 0.7846 -0.5001
vn -0.5168 -0.4853 -0.7053
vn -0.2705 0.8891 -0.3691
vn -0.5638 -0.3004 -0.7694
vn -0.1657 0.9599 -0.2262
vn -0.5880 -0.1018 -0.8024
vn -0.3305 -0.6413 -0.6925
vn -0.2703 0.7786 -0.5663
vn -0.3783 -0.4781 -0.7927
vn -0.2002 0.8855 -0.4194
vn -0.4115 -0.2952 -0.8623
vn -0.1229 0.9584 -0.2576
vn -0.4286 -0.0998 -0.8980
vn -0.0415 -0.9954 -0.0869
vn -0.0415 0.9954 -0.0869
vn -0.4286 0.0998 -0.8980
vn -0.1229 -0.9584 -0.2576
vn -0.4115 0.2952 -0.8623
vn -0.2002 -0.8855 -0.4194
vn -0.3783 0.4781 -0.7927
vn -0.2703 -0.7786 -0.5663
vn -0.3305 0.6413 -0.6925
vn -0.2601 0.0984 -0.9605
vn -0.0756 -0.9572 -0.2792
vn -0.2501 0.2913 -0.9234
vn -0.1229 -0.8827 -0.4537
vn -0.2304 0.4728 -0.8505
vn -0.1655 -0.7742 -0.6110
vn -0.2018 0.6358 -0.7450
vn -0.2018 -0.6358 -0.7450
vn -0.1655 0.7742 -0.6110
vn -0.2304 -0.4728 -0.8505
vn -0.1229 0.8827 -0.4537
vn -0.2501 -0.2913 -0.9234
vn -0.0756 0.9572 -0.2792
vn -0.2601 -0.0984 -0.9605
vn -0.0255 -0.9952 -0.0943
vn -0.0255 0.9952 -0.0943
vn -0.0557 0.7718 -0.6334
vn -0.0773 -0.4700 -0.8793
vn -0.0414 0.8812 -0.4710
vn -0.0839 -0.2892 -0.9536
vn -0.0255 0.9566 -0.2902
vn -0.0872 -0.0977 -0.9914
vn -0.0086 -0.9951 -0.0980
vn -0.0086 0.9951 -0.0980
vn -0.0872 0.0977 -0.9914
vn -0.0255 -0.9566 -0.2902
vn -0.0838 0.2892 -0.9536
vn -0.0414 -0.8812 -0.4710
vn -0.0773 0.4700 -0.8793
vn -0.0557 -0.7718 -0.6334
vn -0.0678 0.6329 -0.7712
vn -0.0678 -0.6329 -0.7712
vn 0.0839 0.2892 -0.9536
vn 0.0414 -0.8812 -0.4710
vn 0.0773 0.4700 -0.8793
vn 0.0557 -0.7718 -0.6334
vn 0.0678 0.6329 -0.7712
vn 0.0678 -0.6329 -0.7712
vn 0.0557 0.7718 -0.6334
vn 0.0773 -0.4700 -0.8793
vn 0.0414 0.8812 -0.4710
vn 0.0839 -0.2892 -0.9536
vn 0.0255 0.9566 -0.2902
vn 0.0872 -0.0977 -0.9914
vn 0.0086 -0.9951 -0.0980
vn 0.0086 0.9951 -0.0980
vn 0.0872 0.0977 -0.9914
vn 0.0255 -0.9566 -0.2902
vn 0.1229 0.8827 -0.4537
vn 0.2501 -0.2913 -0.9234
vn 0.0756 0.9572 -0.2792
vn 0.2602 -0.0984 -0.9605
vn 0.0255 -0.9952 -0.0943
vn 0.0255 0.9952 -0.0943
vn 0.2602 0.0984 -0.9605
vn 0.0756 -0.9572 -0.2792
vn 0.2501 0.2913 -0.9234
vn 0.1229 -0.8827 -0.4537
vn 0.2304 0.4728 -0.8505
vn 0.1655 -0.7742 -0.6109
vn 0.2018 0.6358 -0.7450
vn 0.2018 -0.6358 -0.7450
vn 0.1655 0.7742 -0.6109
vn 0.2304 -0.4728 -0.8505
vn 0.2001 -0.8855 -0.4194
vn 0.3783 0.4781 -0.7927
vn 0.2703 -0.7786 -0.5663
vn 0.3305 0.6413 -0.6925
vn 0.3305 -0.6413 -0.6925
vn 0.2703 0.7786 -0.5663
vn 0.3783 -0.4781 -0.7927
vn 0.2001 0.8855 -0.4194
vn 0.4115 -0.2951 -0.8623
vn 0.1229 0.9584 -0.2576
vn 0.4286 -0.0998 -0.8980
vn 0.0415 -0.9954 -0.0869
vn 0.0415 0.9954 -0.0869
vn 0.4286 0.0998 -0.8980
vn 0.1229 -0.9584 -0.2576
vn 0.4115 0.2951 -0.8623
vn 0.5638 -0.3004 -0.7694
vn 0.1657 0.9599 -0.2262
vn 0.5880 -0.1018 -0.8024
vn 0.0558 -0.9955 -0.0762
vn 0.0558 0.9955 -0.0762
vn 0.5880 0.1018 -0.8024
vn 0.1657 -0.9599 -0.2262
vn 0.5638 0.3004 -0.7694
vn 0.2705 -0.8891 -0.3691
vn 0.5168 0.4853 -0.7053
vn 0.3665 -0.7846 -0.5001
vn 0.4498 0.6486 -0.6139
vn 0.4498 -0.6486 -0.6139
vn 0.3665 0.7846 -0.5001
vn 0.5168 -0.4853 -0.7053
vn 0.2705 0.8891 -0.3691
vn 0.6403 0.4935 -0.5886
vn 0.4503 -0.7912 -0.4139
vn 0.5551 0.6569 -0.5102
vn 0.5551 -0.6569 -0.5102
vn 0.4503 0.7912 -0.4139
vn 0.6403 -0.4935 -0.5886
vn 0.3311 0.8932 -0.3043
vn 0.7008 -0.3065 -0.6441
vn 0.2023 0.9615 -0.1859
vn 0.7322 -0.1040 -0.6731
vn 0.0680 -0.9957 -0.0625
vn 0.0680 0.9957 -0.0625
vn 0.7322 0.1040 -0.6731
vn 0.2023 -0.9615 -0.1859
vn 0.7008 0.3065 -0.6442
vn 0.3311 -0.8932 -0.3043
vn 0.2311 0.9630 -0.1384
vn 0.8532 -0.1062 -0.5107
vn 0.0776 -0.9959 -0.0465
vn 0.0776 0.9959 -0.0465
vn 0.8532 0.1062 -0.5107
vn 0.2311 -0.9630 -0.1384
vn 0.8150 0.3125 -0.4879
vn 0.3793 -0.8970 -0.2271
vn 0.7423 0.5015 -0.4444
vn 0.5178 -0.7974 -0.3100
vn 0.6410 0.6648 -0.3837
vn 0.6410 -0.6648 -0.3837
vn 0.5178 0.7974 -0.3100
vn 0.7423 -0.5015 -0.4444
vn 0.3793 0.8970 -0.2271
vn 0.8150 -0.3125 -0.4879
vn 0.5653 -0.8022 -0.1920
vn 0.7020 0.6710 -0.2385
vn 0.7020 -0.6710 -0.2385
vn 0.5653 0.8022 -0.1920
vn 0.8157 -0.5078 -0.2771
vn 0.4130 0.8999 -0.1403
vn 0.8979 -0.3173 -0.3051
vn 0.2511 0.9642 -0.0853
vn 0.9413 -0.1080 -0.3198
vn 0.0842 -0.9960 -0.0286
vn 0.0842 0.9960 -0.0286
vn 0.9413 0.1080 -0.3198
vn 0.2511 -0.9642 -0.0853
vn 0.8979 0.3172 -0.3051
vn 0.4130 -0.8999 -0.1403
vn 0.8157 0.5078 -0.2771
vn 0.9880 -0.1090 -0.1090
vn 0.0876 -0.9961 -0.0097
vn 0.0876 0.9961 -0.0097
vn 0.9880 0.1090 -0.1090
vn 0.2613 -0.9648 -0.0288
vn 0.9417 0.3199 -0.1039
vn 0.4302 -0.9015 -0.0475
vn 0.8542 0.5114 -0.0942
vn 0.5898 -0.8049 -0.0651
vn 0.7338 0.6745 -0.0809
vn 0.7338 -0.6745 -0.0809
vn 0.5898 0.8049 -0.0651
vn 0.8542 -0.5113 -0.0942
vn 0.4302 0.9015 -0.0475
vn 0.9417 -0.3199 -0.1039
vn 0.2613 0.9648 -0.0288
vn 0.7338 0.6745 0.0810
vn 0.7338 -0.6745 0.0810
vn 0.5898 0.8049 0.0651
vn 0.8542 -0.5113 0.0942
vn 0.4302 0.9015 0.0475
vn 0.9417 -0.3199 0.1039
vn 0.2613 0.9648 0.0288
vn 0.9880 -0.1090 0.1090
vn 0.0876 -0.9961 0.0096
vn 0.0876 0.9961 0.0097
vn 0.9880 0.1090 0.1090
vn 0.2613 -0.9648 0.0288
vn 0.9417 0.3199 0.1039
vn 0.4302 -0.9015 0.0475
vn 0.8542 0.5113 0.0942
vn 0.5898 -0.8049 0.0651
vn 0.0842 0.9960 0.0286
vn 0.9413 0.1080 0.3198
vn 0.2511 -0.9642 0.0853
vn 0.8979 0.3172 0.3051
vn 0.4130 -0.8999 0.1403
vn 0.8157 0.5078 0.2771
vn 0.5653 -0.8022 0.1920
vn 0.7020 0.6710 0.2385
vn 0.7020 -0.6710 0.2385
vn 0.5653 0.8022 0.1920
vn 0.8157 -0.5078 0.2771
vn 0.4130 0.8999 0.1403
vn 0.8979 -0.3173 0.3051
vn 0.2511 0.9642 0.0853
vn 0.9413 -0.1080 0.3198
vn 0.0842 -0.9960 0.0286
vn 0.5178 0.7974 0.3100
vn 0.7423 -0.5015 0.4444
vn 0.3793 0.8970 0.2271
vn 0.8150 -0.3125 0.4879
vn 0.2311 0.9630 0.1384
vn 0.8532 -0.1062 0.5107
vn 0.0776 -0.9959 0.0465
vn 0.0776 0.9959 0.0465
vn 0.8532 0.1062 0.5107
vn 0.2311 -0.9630 0.1384
vn 0.8150 0.3125 0.4879
vn 0.3793 -0.8970 0.2271
vn 0.7423 0.5015 0.4444
vn 0.5178 -0.7974 0.3100
vn 0.6410 0.6648 0.3837
vn 0.6410 -0.6648 0.3837
vn 0.2023 -0.9615 0.1859
vn 0.7008 0.3065 0.6442
vn 0.3311 -0.8932 0.3043
vn 0.6403 0.4935 0.5886
vn 0.4503 -0.7912 0.4139
vn 0.5551 0.6569 0.5102
vn 0.5551 -0.6569 0.5102
vn 0.4503 0.7912 0.4139
vn 0.6403 -0.4935 0.5886
vn 0.3311 0.8932 0.3043
vn 0.7008 -0.3065 0.6441
vn 0.2023 0.9615 0.1859
vn 0.7322 -0.1040 0.6731
vn 0.0680 -0.9957 0.0625
vn 0.0680 0.9957 0.0625
vn 0.7322 0.1040 0.6731
vn 0.5168 -0.4853 0.7053
vn 0.2705 0.8891 0.3691
vn 0.5638 -0.3004 0.7694
vn 0.1657 0.9599 0.2262
vn 0.5880 -0.1018 0.8024
vn 0.0558 -0.9955 0.0762
vn 0.0558 0.9955 0.0762
vn 0.5880 0.1018 0.8024
vn 0.1657 -0.9599 0.2262
vn 0.5638 0.3004 0.7694
vn 0.2705 -0.8891 0.3691
vn 0.5168 0.4853 0.7053
vn 0.3665 -0.7846 0.5001
vn 0.4499 0.6486 0.6139
vn 0.4498 -0.6486 0.6139
vn 0.3665 0.7846 0.5001
vn 0.4115 0.2951 0.8623
vn 0.2001 -0.8855 0.4194
vn 0.3783 0.4781 0.7927
vn 0.2703 -0.7786 0.5663
vn 0.3305 0.6413 0.6925
vn 0.3305 -0.6413 0.6925
vn 0.2703 0.7786 0.5663
vn 0.3783 -0.4781 0.7927
vn 0.2001 0.8855 0.4194
vn 0.4115 -0.2951 0.8623
vn 0.1230 0.9584 0.2576
vn 0.4286 -0.0998 0.8980
vn 0.0415 -0.9954 0.0869
vn 0.0415 0.9954 0.0869
vn 0.4286 0.0998 0.8980
vn 0.1230 -0.9584 0.2576
vn 0.1229 0.8827 0.4537
vn 0.2501 -0.2913 0.9234
vn 0.0756 0.9572 0.2792
vn 0.2602 -0.0984 0.9605
vn 0.0255 -0.9952 0.0943
vn 0.0255 0.9952 0.0943
vn 0.2602 0.0984 0.9605
vn 0.0756 -0.9572 0.2792
vn 0.2501 0.2913 0.9234
vn 0.1229 -0.8827 0.4537
vn 0.2303 0.4728 0.8505
vn 0.1655 -0.7742 0.6109
vn 0.2018 0.6358 0.7450
vn 0.2018 -0.6358 0.7450
vn 0.1655 0.7742 0.6109
vn 0.2303 -0.4728 0.8505
vn 0.0414 -0.8812 0.4710
vn 0.0773 0.4700 0.8793
vn 0.0557 -0.7718 0.6334
vn 0.0678 0.6329 0.7712
vn 0.0678 -0.6329 0.7712
vn 0.0557 0.7718 0.6334
vn 0.0773 -0.4700 0.8793
vn 0.0414 0.8812 0.4710
vn 0.0839 -0.2893 0.9536
vn 0.0255 0.9566 0.2902
vn 0.0872 -0.0977 0.9914
vn 0.0086 -0.9951 0.0980
vn 0.0086 0.9951 0.0980
vn 0.0872 0.0977 0.9914
vn 0.0255 -0.9566 0.2902
vn 0.0839 0.2893 0.9536
vn 0.9862 -0.1343 0.0972
vn -0.8046 0.1423 0.5765
vn -0.8862 0.2312 0.4015
vn -0.9244 0.3148 0.2155
vn -0.9191 0.3929 0.0300
vn -0.8731 0.4658 -0.1442
vn -0.7919 0.5329 -0.2981
vn -0.6827 0.5946 -0.4246
vn -0.0788 0.5946 0.8001
vn -0.2457 0.5329 0.8097
vn -0.4172 0.4658 0.7804
vn -0.5834 0.3929 0.7108
vn -0.7337 0.3148 0.6021
vn -0.8581 0.2312 0.4586
vn -0.9472 0.1423 0.2873
vn -0.9940 0.0486 0.0979
vn -0.9941 -0.0475 -0.0979
vn -0.9483 -0.1343 -0.2877
vn -0.8621 -0.2107 -0.4608
vn -0.7425 -0.2782 -0.6094
vn -0.5970 -0.3380 -0.7275
vn -0.4338 -0.3911 -0.8117
vn -0.2609 -0.4384 -0.8601
vn -0.0859 -0.4806 -0.8727
vn 0.6400 -0.4806 0.5995
vn 0.5235 -0.4384 0.7306
vn 0.3798 -0.3911 0.8383
vn 0.2137 -0.3380 0.9166
vn 0.0314 -0.2782 0.9600
vn -0.1593 -0.2107 0.9645
vn -0.3491 -0.1343 0.9274
vn -0.5275 -0.0475 0.8482
vt 0.000000 0.000000
vt 0.750000 0.625000
vt 0.718750 0.625000
vt 0.718750 0.687500
vt 0.750000 0.687500
vt 0.750000 0.125000
vt 0.718750 0.125000
vt 0.718750 0.187500
vt 0.750000 0.187500
vt 0.750000 0.562500
vt 0.718750 0.562500
vt 0.750000 0.062500
vt 0.718750 0.062500
vt 0.750000 0.500000
vt 0.718750 0.500000
vt 0.750000 0.937500
vt 0.718750 0.937500
vt 0.734375 1.000000
vt 0.734375 0.000000
vt 0.750000 0.437500
vt 0.718750 0.437500
vt 0.750000 0.875000
vt 0.718750 0.875000
vt 0.750000 0.375000
vt 0.718750 0.375000
vt 0.750000 0.812500
vt 0.718750 0.812500
vt 0.750000 0.312500
vt 0.718750 0.312500
vt 0.750000 0.750000
vt 0.718750 0.750000
vt 0.750000 0.250000
vt 0.718750 0.250000
vt 0.687500 0.250000
vt 0.687500 0.312500
vt 0.687500 0.687500
vt 0.687500 0.750000
vt 0.687500 0.187500
vt 0.687500 0.625000
vt 0.687500 0.125000
vt 0.687500 0.562500
vt 0.687500 0.062500
vt 0.687500 0.500000
vt 0.687500 0.937500
vt 0.703125 1.000000
vt 0.703125 0.000000
vt 0.687500 0.437500
vt 0.687500 0.875000
vt 0.687500 0.375000
vt 0.687500 0.812500
vt 0.671875 0.000000
vt 0.656250 0.062500
vt 0.656250 0.437500
vt 0.656250 0.500000
vt 0.656250 0.875000
vt 0.656250 0.937500
vt 0.656250 0.375000
vt 0.656250 0.812500
vt 0.656250 0.312500
vt 0.656250 0.750000
vt 0.656250 0.250000
vt 0.656250 0.687500
vt 0.656250 0.187500
vt 0.656250 0.625000
vt 0.656250 0.125000
vt 0.656250 0.562500
vt 0.671875 1.000000
vt 0.625000 0.187500
vt 0.625000 0.250000
vt 0.625000 0.625000
vt 0.625000 0.687500
vt 0.625000 0.125000
vt 0.625000 0.562500
vt 0.625000 0.062500
vt 0.625000 0.500000
vt 0.625000 0.937500
vt 0.640625 1.000000
vt 0.640625 0.000000
vt 0.625000 0.437500
vt 0.625000 0.875000
vt 0.625000 0.375000
vt 0.625000 0.812500
vt 0.625000 0.312500
vt 0.625000 0.750000
vt 0.593750 0.875000
vt 0.593750 0.937500
vt 0.593750 0.375000
vt 0.593750 0.437500
vt 0.593750 0.812500
vt 0.593750 0.312500
vt 0.593750 0.750000
vt 0.593750 0.250000
vt 0.593750 0.687500
vt 0.593750 0.187500
vt 0.593750 0.625000
vt 0.593750 0.125000
vt 0.593750 0.562500
vt 0.593750 0.062500
vt 0.593750 0.500000
vt 0.609375 1.000000
vt 0.609375 0.000000
vt 0.562500 0.625000
vt 0.562500 0.687500
vt 0.562500 0.125000
vt 0.562500 0.187500
vt 0.562500 0.562500
vt 0.562500 0.062500
vt 0.562500 0.500000
vt 0.562500 0.937500
vt 0.578125 1.000000
vt 0.578125 0.000000
vt 0.562500 0.437500
vt 0.562500 0.875000
vt 0.562500 0.375000
vt 0.562500 0.812500
vt 0.562500 0.312500
vt 0.562500 0.750000
vt 0.562500 0.250000
vt 0.531250 0.375000
vt 0.531250 0.437500
vt 0.531250 0.812500
vt 0.531250 0.875000
vt 0.531250 0.312500
vt 0.531250 0.750000
vt 0.531250 0.250000
vt 0.531250 0.687500
vt 0.531250 0.187500
vt 0.531250 0.625000
vt 0.531250 0.125000
vt 0.531250 0.562500
vt 0.531250 0.062500
vt 0.531250 0.500000
vt 0.531250 0.937500
vt 0.546875 1.000000
vt 0.546875 0.000000
vt 0.500000 0.125000
vt 0.500000 0.187500
vt 0.500000 0.562500
vt 0.500000 0.625000
vt 0.500000 0.062500
vt 0.500000 0.500000
vt 0.500000 0.937500
vt 0.515625 1.000000
vt 0.515625 0.000000
vt 0.500000 0.437500
vt 0.500000 0.875000
vt 0.500000 0.375000
vt 0.500000 0.812500
vt 0.500000 0.312500
vt 0.500000 0.750000
vt 0.500000 0.250000
vt 0.500000 0.687500
vt 0.468750 0.812500
vt 0.468750 0.875000
vt 0.468750 0.312500
vt 0.468750 0.375000
vt 0.468750 0.750000
vt 0.468750 0.250000
vt 0.468750 0.687500
vt 0.468750 0.187500
vt 0.468750 0.625000
vt 0.468750 0.125000
vt 0.468750 0.562500
vt 0.468750 0.062500
vt 0.468750 0.500000
vt 0.468750 0.937500
vt 0.484375 1.000000
vt 0.484375 0.000000
vt 0.468750 0.437500
vt 0.437500 0.562500
vt 0.437500 0.625000
vt 0.437500 0.062500
vt 0.437500 0.125000
vt 0.437500 0.500000
vt 0.437500 0.937500
vt 0.453125 1.000000
vt 0.453125 0.000000
vt 0.437500 0.437500
vt 0.437500 0.875000
vt 0.437500 0.375000
vt 0.437500 0.812500
vt 0.437500 0.312500
vt 0.437500 0.750000
vt 0.437500 0.250000
vt 0.437500 0.687500
vt 0.437500 0.187500
vt 0.406250 0.312500
vt 0.406250 0.375000
vt 0.406250 0.750000
vt 0.406250 0.812500
vt 0.406250 0.250000
vt 0.406250 0.687500
vt 0.406250 0.187500
vt 0.406250 0.625000
vt 0.406250 0.125000
vt 0.406250 0.562500
vt 0.406250 0.062500
vt 0.406250 0.500000
vt 0.406250 0.937500
vt 0.421875 1.000000
vt 0.421875 0.000000
vt 0.406250 0.437500
vt 0.406250 0.875000
vt 0.375000 0.062500
vt 0.375000 0.125000
vt 0.375000 0.500000
vt 0.375000 0.562500
vt 0.375000 0.937500
vt 0.390625 1.000000
vt 0.390625 0.000000
vt 0.375000 0.437500
vt 0.375000 0.875000
vt 0.375000 0.375000
vt 0.375000 0.812500
vt 0.375000 0.312500
vt 0.375000 0.750000
vt 0.375000 0.250000
vt 0.375000 0.687500
vt 0.375000 0.187500
vt 0.375000 0.625000
vt 0.343750 0.937500
vt 0.359375 1.000000
vt 0.359375 0.000000
vt 0.343750 0.062500
vt 0.343750 0.437500
vt 0.343750 0.500000
vt 0.343750 0.875000
vt 0.343750 0.375000
vt 0.343750 0.812500
vt 0.343750 0.312500
vt 0.343750 0.750000
vt 0.343750 0.250000
vt 0.343750 0.687500
vt 0.343750 0.187500
vt 0.343750 0.625000
vt 0.343750 0.125000
vt 0.343750 0.562500
vt 0.312500 0.687500
vt 0.312500 0.750000
vt 0.312500 0.187500
vt 0.312500 0.250000
vt 0.312500 0.625000
vt 0.312500 0.125000
vt 0.312500 0.562500
vt 0.312500 0.062500
vt 0.312500 0.500000
vt 0.312500 0.937500
vt 0.328125 1.000000
vt 0.328125 0.000000
vt 0.312500 0.437500
vt 0.312500 0.875000
vt 0.312500 0.375000
vt 0.312500 0.812500
vt 0.312500 0.312500
vt 0.281250 0.437500
vt 0.281250 0.500000
vt 0.281250 0.875000
vt 0.281250 0.937500
vt 0.281250 0.375000
vt 0.281250 0.812500
vt 0.281250 0.312500
vt 0.281250 0.750000
vt 0.281250 0.250000
vt 0.281250 0.687500
vt 0.281250 0.187500
vt 0.281250 0.625000
vt 0.281250 0.125000
vt 0.281250 0.562500
vt 0.281250 0.062500
vt 0.296875 1.000000
vt 0.296875 0.000000
vt 0.250000 0.187500
vt 0.250000 0.250000
vt 0.250000 0.625000
vt 0.250000 0.687500
vt 0.250000 0.125000
vt 0.250000 0.562500
vt 0.250000 0.062500
vt 0.250000 0.500000
vt 0.250000 0.937500
vt 0.265625 1.000000
vt 0.265625 0.000000
vt 0.250000 0.437500
vt 0.250000 0.875000
vt 0.250000 0.375000
vt 0.250000 0.812500
vt 0.250000 0.312500
vt 0.250000 0.750000
vt 0.218750 0.375000
vt 0.218750 0.437500
vt 0.218750 0.812500
vt 0.218750 0.875000
vt 0.218750 0.312500
vt 0.218750 0.750000
vt 0.218750 0.250000
vt 0.218750 0.687500
vt 0.218750 0.187500
vt 0.218750 0.625000
vt 0.218750 0.125000
vt 0.218750 0.562500
vt 0.218750 0.062500
vt 0.218750 0.500000
vt 0.218750 0.937500
vt 0.234375 1.000000
vt 0.234375 0.000000
vt 0.187500 0.125000
vt 0.187500 0.187500
vt 0.187500 0.562500
vt 0.187500 0.625000
vt 0.187500 0.062500
vt 0.187500 0.500000
vt 0.187500 0.937500
vt 0.203125 1.000000
vt 0.203125 0.000000
vt 0.187500 0.437500
vt 0.187500 0.875000
vt 0.187500 0.375000
vt 0.187500 0.812500
vt 0.187500 0.312500
vt 0.187500 0.750000
vt 0.187500 0.250000
vt 0.187500 0.687500
vt 0.156250 0.812500
vt 0.156250 0.875000
vt 0.156250 0.312500
vt 0.156250 0.375000
vt 0.156250 0.750000
vt 0.156250 0.250000
vt 0.156250 0.687500
vt 0.156250 0.187500
vt 0.156250 0.625000
vt 0.156250 0.125000
vt 0.156250 0.562500
vt 0.156250 0.062500
vt 0.156250 0.500000
vt 0.156250 0.937500
vt 0.171875 1.000000
vt 0.171875 0.000000
vt 0.156250 0.437500
vt 0.125000 0.562500
vt 0.125000 0.625000
vt 0.125000 0.062500
vt 0.125000 0.125000
vt 0.125000 0.500000
vt 0.125000 0.937500
vt 0.140625 1.000000
vt 0.140625 0.000000
vt 0.125000 0.437500
vt 0.125000 0.875000
vt 0.125000 0.375000
vt 0.125000 0.812500
vt 0.125000 0.312500
vt 0.125000 0.750000
vt 0.125000 0.250000
vt 0.125000 0.687500
vt 0.125000 0.187500
vt 0.093750 0.312500
vt 0.093750 0.375000
vt 0.093750 0.750000
vt 0.093750 0.812500
vt 0.093750 0.250000
vt 0.093750 0.687500
vt 0.093750 0.187500
vt 0.093750 0.625000
vt 0.093750 0.125000
vt 0.093750 0.562500
vt 0.093750 0.062500
vt 0.093750 0.500000
vt 0.093750 0.937500
vt 0.109375 1.000000
vt 0.109375 0.000000
vt 0.093750 0.437500
vt 0.093750 0.875000
vt 0.062500 0.062500
vt 0.062500 0.125000
vt 0.062500 0.500000
vt 0.062500 0.562500
vt 0.062500 0.937500
vt 0.078125 1.000000
vt 0.078125 0.000000
vt 0.062500 0.437500
vt 0.062500 0.875000
vt 0.062500 0.375000
vt 0.062500 0.812500
vt 0.062500 0.312500
vt 0.062500 0.750000
vt 0.062500 0.250000
vt 0.062500 0.687500
vt 0.062500 0.187500
vt 0.062500 0.625000
vt 0.031250 0.750000
vt 0.031250 0.812500
vt 0.031250 0.250000
vt 0.031250 0.312500
vt 0.031250 0.687500
vt 0.031250 0.187500
vt 0.031250 0.625000
vt 0.031250 0.125000
vt 0.031250 0.562500
vt 0.031250 0.062500
vt 0.031250 0.500000
vt 0.031250 0.937500
vt 0.046875 1.000000
vt 0.046875 0.000000
vt 0.031250 0.437500
vt 0.031250 0.875000
vt 0.031250 0.375000
vt 0.000000 0.500000
vt 0.000000 0.562500
vt 0.000000 0.937500
vt 0.015625 1.000000
vt 0.015625 0.000000
vt 0.000000 0.062500
vt 0.000000 0.437500
vt 0.000000 0.875000
vt 0.000000 0.375000
vt 0.000000 0.812500
vt 0.000000 0.312500
vt 0.000000 0.750000
vt 0.000000 0.250000
vt 0.000000 0.687500
vt 0.000000 0.187500
vt 0.000000 0.625000
vt 0.000000 0.125000
vt 1.000000 0.250000
vt 0.968750 0.250000
vt 0.968750 0.312500
vt 1.000000 0.312500
vt 1.000000 0.687500
vt 0.968750 0.687500
vt 0.968750 0.750000
vt 1.000000 0.750000
vt 1.000000 0.187500
vt 0.968750 0.187500
vt 1.000000 0.625000
vt 0.968750 0.625000
vt 1.000000 0.125000
vt 0.968750 0.125000
vt 1.000000 0.562500
vt 0.968750 0.562500
vt 1.000000 0.062500
vt 0.968750 0.062500
vt 1.000000 0.500000
vt 0.968750 0.500000
vt 1.000000 0.937500
vt 0.968750 0.937500
vt 0.984375 1.000000
vt 0.984375 0.000000
vt 1.000000 0.437500
vt 0.968750 0.437500
vt 1.000000 0.875000
vt 0.968750 0.875000
vt 1.000000 0.375000
vt 0.968750 0.375000
vt 1.000000 0.812500
vt 0.968750 0.812500
vt 0.953125 0.000000
vt 0.937500 0.062500
vt 0.937500 0.437500
vt 0.937500 0.500000
vt 0.937500 0.875000
vt 0.937500 0.937500
vt 0.937500 0.375000
vt 0.937500 0.812500
vt 0.937500 0.312500
vt 0.937500 0.750000
vt 0.937500 0.250000
vt 0.937500 0.687500
vt 0.937500 0.187500
vt 0.937500 0.625000
vt 0.937500 0.125000
vt 0.937500 0.562500
vt 0.953125 1.000000
vt 0.906250 0.187500
vt 0.906250 0.250000
vt 0.906250 0.625000
vt 0.906250 0.687500
vt 0.906250 0.125000
vt 0.906250 0.562500
vt 0.906250 0.062500
vt 0.906250 0.500000
vt 0.906250 0.937500
vt 0.921875 1.000000
vt 0.921875 0.000000
vt 0.906250 0.437500
vt 0.906250 0.875000
vt 0.906250 0.375000
vt 0.906250 0.812500
vt 0.906250 0.312500
vt 0.906250 0.750000
vt 0.875000 0.875000
vt 0.875000 0.937500
vt 0.875000 0.375000
vt 0.875000 0.437500
vt 0.875000 0.812500
vt 0.875000 0.312500
vt 0.875000 0.750000
vt 0.875000 0.250000
vt 0.875000 0.687500
vt 0.875000 0.187500
vt 0.875000 0.625000
vt 0.875000 0.125000
vt 0.875000 0.562500
vt 0.875000 0.062500
vt 0.875000 0.500000
vt 0.890625 1.000000
vt 0.890625 0.000000
vt 0.843750 0.625000
vt 0.843750 0.687500
vt 0.843750 0.125000
vt 0.843750 0.187500
vt 0.843750 0.562500
vt 0.843750 0.062500
vt 0.843750 0.500000
vt 0.843750 0.937500
vt 0.859375 1.000000
vt 0.859375 0.000000
vt 0.843750 0.437500
vt 0.843750 0.875000
vt 0.843750 0.375000
vt 0.843750 0.812500
vt 0.843750 0.312500
vt 0.843750 0.750000
vt 0.843750 0.250000
vt 0.812500 0.375000
vt 0.812500 0.437500
vt 0.812500 0.812500
vt 0.812500 0.875000
vt 0.812500 0.312500
vt 0.812500 0.750000
vt 0.812500 0.250000
vt 0.812500 0.687500
vt 0.812500 0.187500
vt 0.812500 0.625000
vt 0.812500 0.125000
vt 0.812500 0.562500
vt 0.812500 0.062500
vt 0.812500 0.500000
vt 0.812500 0.937500
vt 0.828125 1.000000
vt 0.828125 0.000000
vt 0.781250 0.125000
vt 0.781250 0.187500
vt 0.781250 0.562500
vt 0.781250 0.625000
vt 0.781250 0.062500
vt 0.781250 0.500000
vt 0.781250 0.937500
vt 0.796875 1.000000
vt 0.796875 0.000000
vt 0.781250 0.437500
vt 0.781250 0.875000
vt 0.781250 0.375000
vt 0.781250 0.812500
vt 0.781250 0.312500
vt 0.781250 0.750000
vt 0.781250 0.250000
vt 0.781250 0.687500
vt 0.765625 1.000000
vt 0.765625 0.000000
s 0
f 21/1/1 53/1/2 52/1/1 20/1/2
f 8/1/3 40/1/2 39/1/1 7/1/2
f 22/1/3 54/1/2 53/1/3 21/1/4
f 9/1/3 41/1/2 40/1/3 8/1/2
f 23/1/1 55/1/2 54/1/1 22/1/5
f 10/1/3 42/1/2 41/1/3 9/1/2
f 24/1/1 56/1/2 55/1/3 23/1/2
f 11/1/3 43/1/2 42/1/1 10/1/2
f 25/1/3 57/1/2 56/1/3 24/1/2
f 12/1/1 44/1/5 43/1/1 11/1/2
f 26/1/3 58/1/2 57/1/3 25/1/2
f 13/1/3 45/1/4 44/1/1 12/1/2
f 27/1/1 59/1/2 58/1/3 26/1/2
f 14/1/1 46/1/2 45/1/1 13/1/2
f 28/1/1 60/1/2 59/1/1 27/1/5
f 15/1/3 47/1/2 46/1/1 14/1/2
f 2/1/1 34/1/5 33/1/1 1/1/2
f 29/1/3 61/1/2 60/1/3 28/1/4
f 16/1/3 48/1/2 47/1/3 15/1/2
f 3/1/3 35/1/2 34/1/3 2/1/2
f 30/1/1 62/1/2 61/1/1 29/1/2
f 17/1/1 49/1/5 48/1/1 16/1/2
f 4/1/3 36/1/2 35/1/1 3/1/2
f 31/1/1 63/1/2 62/1/3 30/1/2
f 18/1/1 50/1/2 49/1/1 17/1/5
f 5/1/1 37/1/2 36/1/1 4/1/2
f 32/1/3 64/1/2 63/1/3 31/1/2
f 19/1/3 51/1/2 50/1/3 18/1/2
f 6/1/3 38/1/4 37/1/1 5/1/2
f 1/1/1 33/1/2 64/1/1 32/1/5
f 20/1/1 52/1/2 51/1/3 19/1/2
f 7/1/1 39/1/5 38/1/1 6/1/2
s 1
f 34/1/6 66/1/6 65/1/6 33/1/6
f 61/1/7 93/1/7 92/1/7 60/1/7
f 48/1/8 80/1/8 79/1/8 47/1/8
f 35/1/9 67/1/9 66/1/9 34/1/9
f 62/1/10 94/1/10 93/1/10 61/1/10
f 49/1/11 81/1/11 80/1/11 48/1/11
f 36/1/12 68/1/12 67/1/12 35/1/12
f 63/1/13 95/1/13 94/1/13 62/1/13
f 50/1/14 82/1/14 81/1/14 49/1/14
f 37/1/15 69/1/15 68/1/15 36/1/15
f 64/1/16 96/1/16 95/1/16 63/1/16
f 51/1/17 83/1/17 82/1/17 50/1/17
f 38/1/18 70/1/18 69/1/18 37/1/18
f 33/1/19 65/1/19 96/1/19 64/1/19
f 52/1/20 84/1/20 83/1/20 51/1/20
f 39/1/21 71/1/21 70/1/21 38/1/21
f 53/1/22 85/1/22 84/1/22 52/1/22
f 40/1/23 72/1/23 71/1/23 39/1/23
f 54/1/24 86/1/24 85/1/24 53/1/24
f 41/1/25 73/1/25 72/1/25 40/1/25
f 55/1/26 87/1/26 86/1/26 54/1/26
f 42/1/27 74/1/27 73/1/27 41/1/27
f 56/1/28 88/1/28 87/1/28 55/1/28
f 43/1/29 75/1/29 74/1/29 42/1/29
f 57/1/30 89/1/30 88/1/30 56/1/30
f 44/1/31 76/1/31 75/1/31 43/1/31
f 58/1/32 90/1/32 89/1/32 57/1/32
f 45/1/33 77/1/33 76/1/33 44/1/33
f 59/1/34 91/1/34 90/1/34 58/1/34
f 46/1/35 78/1/35 77/1/35 45/1/35
f 60/1/36 92/1/36 91/1/36 59/1/36
f 47/1/37 79/1/37 78/1/37 46/1/37
s 0
f 77/1/3 109/1/4 108/1/1 76/1/2
f 91/1/1 123/1/2 122/1/3 90/1/2
f 78/1/1 110/1/2 109/1/1 77/1/2
f 92/1/1 124/1/2 123/1/1 91/1/5
f 79/1/3 111/1/2 110/1/1 78/1/2
f 66/1/1 98/1/5 97/1/1 65/1/2
f 93/1/3 125/1/2 124/1/3 92/1/4
f 80/1/3 112/1/2 111/1/3 79/1/2
f 67/1/3 99/1/2 98/1/3 66/1/2
f 94/1/1 126/1/2 125/1/1 93/1/2
f 81/1/1 113/1/2 112/1/3 80/1/2
f 68/1/3 100/1/2 99/1/1 67/1/2
f 95/1/1 127/1/2 126/1/3 94/1/2
f 82/1/3 114/1/2 113/1/1 81/1/2
f 69/1/1 101/1/2 100/1/1 68/1/2
f 96/1/3 128/1/2 127/1/3 95/1/2
f 83/1/3 115/1/2 114/1/3 82/1/2
f 70/1/3 102/1/4 101/1/3 69/1/2
f 65/1/1 97/1/2 128/1/1 96/1/5
f 84/1/1 116/1/2 115/1/3 83/1/2
f 71/1/1 103/1/5 102/1/1 70/1/2
f 85/1/1 117/1/2 116/1/1 84/1/2
f 72/1/3 104/1/2 103/1/1 71/1/2
f 86/1/1 118/1/2 117/1/3 85/1/4
f 73/1/3 105/1/2 104/1/3 72/1/2
f 87/1/1 119/1/2 118/1/1 86/1/5
f 74/1/3 106/1/2 105/1/3 73/1/2
f 88/1/1 120/1/2 119/1/3 87/1/2
f 75/1/3 107/1/2 106/1/1 74/1/2
f 89/1/3 121/1/2 120/1/3 88/1/2
f 76/1/1 108/1/5 107/1/1 75/1/2
f 90/1/3 122/1/2 121/1/3 89/1/2
f 47/1/3 143/1/2 144/1/3 48/1/2
f 115/1/3 179/1/2 178/1/3 114/1/2
f 48/1/1 144/1/2 145/1/1 49/1/5
f 116/1/1 180/1/2 179/1/3 115/1/2
f 117/1/1 181/1/2 180/1/1 116/1/2
f 49/1/1 145/1/5 146/1/1 50/1/2
f 118/1/1 182/1/2 181/1/3 117/1/4
f 50/1/3 146/1/2 147/1/3 51/1/2
f 119/1/1 183/1/2 182/1/1 118/1/5
f 51/1/3 147/1/2 148/1/1 52/1/2
f 120/1/1 184/1/2 183/1/3 119/1/2
f 52/1/1 148/1/2 149/1/1 53/1/2
f 121/1/3 185/1/2 184/1/3 120/1/2
f 53/1/3 149/1/4 150/1/3 54/1/2
f 122/1/3 186/1/2 185/1/3 121/1/2
f 54/1/1 150/1/5 151/1/1 55/1/2
f 123/1/1 187/1/2 186/1/3 122/1/2
f 55/1/3 151/1/2 152/1/1 56/1/2
f 124/1/1 188/1/2 187/1/1 123/1/5
f 56/1/3 152/1/2 153/1/3 57/1/2
f 98/1/1 162/1/5 161/1/1 97/1/2
f 125/1/3 189/1/2 188/1/3 124/1/4
f 57/1/3 153/1/2 154/1/3 58/1/2
f 99/1/3 163/1/2 162/1/3 98/1/2
f 126/1/1 190/1/2 189/1/1 125/1/2
f 58/1/3 154/1/2 155/1/1 59/1/2
f 100/1/3 164/1/2 163/1/1 99/1/2
f 127/1/1 191/1/2 190/1/3 126/1/2
f 59/1/1 155/1/5 156/1/1 60/1/2
f 33/1/1 129/1/2 130/1/1 34/1/5
f 101/1/1 165/1/2 164/1/1 100/1/2
f 128/1/3 192/1/2 191/1/3 127/1/2
f 60/1/3 156/1/4 157/1/3 61/1/2
f 34/1/3 130/1/2 131/1/3 35/1/2
f 102/1/3 166/1/4 165/1/3 101/1/2
f 97/1/1 161/1/2 192/1/1 128/1/5
f 61/1/1 157/1/2 158/1/1 62/1/2
f 35/1/1 131/1/2 132/1/3 36/1/2
f 103/1/1 167/1/5 166/1/1 102/1/2
f 62/1/3 158/1/2 159/1/1 63/1/2
f 36/1/1 132/1/2 133/1/1 37/1/2
f 104/1/3 168/1/2 167/1/1 103/1/2
f 63/1/3 159/1/2 160/1/3 64/1/2
f 37/1/1 133/1/2 134/1/3 38/1/4
f 105/1/3 169/1/2 168/1/3 104/1/2
f 64/1/1 160/1/5 129/1/1 33/1/2
f 38/1/1 134/1/2 135/1/1 39/1/5
f 106/1/3 170/1/2 169/1/3 105/1/2
f 39/1/1 135/1/2 136/1/3 40/1/2
f 107/1/3 171/1/2 170/1/1 106/1/2
f 40/1/3 136/1/2 137/1/3 41/1/2
f 108/1/1 172/1/5 171/1/1 107/1/2
f 109/1/3 173/1/4 172/1/1 108/1/2
f 41/1/3 137/1/2 138/1/3 42/1/2
f 110/1/1 174/1/2 173/1/1 109/1/2
f 42/1/1 138/1/2 139/1/3 43/1/2
f 111/1/3 175/1/2 174/1/1 110/1/2
f 43/1/1 139/1/2 140/1/1 44/1/5
f 44/1/1 140/1/2 141/1/3 45/1/4
f 112/1/3 176/1/2 175/1/3 111/1/2
f 45/1/1 141/1/2 142/1/1 46/1/2
f 113/1/1 177/1/2 176/1/3 112/1/2
f 46/1/1 142/1/2 143/1/3 47/1/2
f 114/1/3 178/1/2 177/1/1 113/1/2
f 187/1/1 251/1/2 250/1/3 186/1/2
f 160/1/1 224/1/5 193/1/1 129/1/2
f 134/1/1 198/1/2 199/1/1 135/1/5
f 188/1/1 252/1/2 251/1/1 187/1/5
f 162/1/1 226/1/5 225/1/1 161/1/2
f 135/1/1 199/1/2 200/1/3 136/1/2
f 189/1/3 253/1/2 252/1/3 188/1/4
f 163/1/3 227/1/2 226/1/3 162/1/2
f 136/1/3 200/1/2 201/1/3 137/1/2
f 190/1/1 254/1/2 253/1/1 189/1/2
f 164/1/3 228/1/2 227/1/1 163/1/2
f 137/1/3 201/1/2 202/1/3 138/1/2
f 191/1/1 255/1/2 254/1/3 190/1/2
f 165/1/1 229/1/2 228/1/1 164/1/2
f 138/1/1 202/1/2 203/1/3 139/1/2
f 192/1/3 256/1/2 255/1/3 191/1/2
f 166/1/3 230/1/4 229/1/3 165/1/2
f 139/1/1 203/1/2 204/1/1 140/1/5
f 161/1/1 225/1/2 256/1/1 192/1/5
f 167/1/1 231/1/5 230/1/1 166/1/2
f 140/1/1 204/1/2 205/1/3 141/1/4
f 168/1/3 232/1/2 231/1/1 167/1/2
f 141/1/1 205/1/2 206/1/1 142/1/2
f 169/1/3 233/1/2 232/1/3 168/1/2
f 142/1/1 206/1/2 207/1/3 143/1/2
f 170/1/3 234/1/2 233/1/3 169/1/2
f 143/1/3 207/1/2 208/1/3 144/1/2
f 171/1/3 235/1/2 234/1/1 170/1/2
f 144/1/1 208/1/2 209/1/1 145/1/5
f 172/1/1 236/1/5 235/1/1 171/1/2
f 145/1/1 209/1/5 210/1/1 146/1/2
f 173/1/3 237/1/4 236/1/1 172/1/2
f 146/1/3 210/1/2 211/1/3 147/1/2
f 174/1/1 238/1/2 237/1/1 173/1/2
f 147/1/3 211/1/2 212/1/1 148/1/2
f 175/1/3 239/1/2 238/1/1 174/1/2
f 148/1/1 212/1/2 213/1/1 149/1/2
f 176/1/3 240/1/2 239/1/3 175/1/2
f 149/1/3 213/1/4 214/1/3 150/1/2
f 177/1/1 241/1/2 240/1/3 176/1/2
f 150/1/1 214/1/5 215/1/1 151/1/2
f 178/1/3 242/1/2 241/1/1 177/1/2
f 151/1/3 215/1/2 216/1/1 152/1/2
f 179/1/3 243/1/2 242/1/3 178/1/2
f 152/1/3 216/1/2 217/1/3 153/1/2
f 180/1/1 244/1/2 243/1/3 179/1/2
f 153/1/3 217/1/2 218/1/3 154/1/2
f 181/1/1 245/1/2 244/1/1 180/1/2
f 154/1/3 218/1/2 219/1/1 155/1/2
f 182/1/1 246/1/2 245/1/3 181/1/4
f 155/1/1 219/1/5 220/1/1 156/1/2
f 129/1/1 193/1/2 194/1/1 130/1/5
f 183/1/1 247/1/2 246/1/1 182/1/5
f 156/1/3 220/1/4 221/1/3 157/1/2
f 130/1/3 194/1/2 195/1/3 131/1/2
f 184/1/1 248/1/2 247/1/3 183/1/2
f 157/1/1 221/1/2 222/1/1 158/1/2
f 131/1/1 195/1/2 196/1/3 132/1/2
f 185/1/3 249/1/2 248/1/3 184/1/2
f 158/1/3 222/1/2 223/1/1 159/1/2
f 132/1/1 196/1/2 197/1/1 133/1/2
f 186/1/3 250/1/2 249/1/3 185/1/2
f 159/1/3 223/1/2 224/1/3 160/1/2
f 133/1/1 197/1/2 198/1/3 134/1/4
f 225/1/1 258/1/2 289/1/1 256/1/5
f 244/1/1 277/1/2 276/1/3 243/1/2
f 231/1/1 264/1/5 263/1/1 230/1/2
f 245/1/1 278/1/2 277/1/1 244/1/2
f 232/1/3 265/1/2 264/1/1 231/1/2
f 246/1/1 279/1/2 278/1/3 245/1/4
f 233/1/3 266/1/2 265/1/3 232/1/2
f 247/1/1 280/1/2 279/1/1 246/1/5
f 234/1/3 267/1/2 266/1/3 233/1/2
f 248/1/1 281/1/2 280/1/3 247/1/2
f 235/1/3 268/1/2 267/1/1 234/1/2
f 249/1/3 282/1/2 281/1/3 248/1/2
f 236/1/1 269/1/5 268/1/1 235/1/2
f 250/1/3 283/1/2 282/1/3 249/1/2
f 237/1/3 270/1/4 269/1/1 236/1/2
f 251/1/1 284/1/2 283/1/3 250/1/2
f 238/1/1 271/1/2 270/1/1 237/1/2
f 252/1/1 285/1/2 284/1/1 251/1/5
f 239/1/3 272/1/2 271/1/1 238/1/2
f 226/1/1 259/1/5 258/1/1 225/1/2
f 253/1/3 286/1/2 285/1/3 252/1/4
f 240/1/3 273/1/2 272/1/3 239/1/2
f 227/1/3 260/1/2 259/1/3 226/1/2
f 254/1/1 287/1/2 286/1/1 253/1/2
f 241/1/1 274/1/2 273/1/3 240/1/2
f 228/1/3 261/1/2 260/1/1 227/1/2
f 234/1/1 267/1/2 290/1/3 257/1/4
f 255/1/1 288/1/2 287/1/3 254/1/2
f 242/1/3 275/1/2 274/1/1 241/1/2
f 229/1/1 262/1/2 261/1/1 228/1/2
f 256/1/3 289/1/2 288/1/3 255/1/2
f 243/1/3 276/1/2 275/1/3 242/1/2
f 230/1/3 263/1/4 262/1/3 229/1/2
s 1
f 260/1/38 293/1/38 292/1/38 259/1/38
f 287/1/39 320/1/39 319/1/39 286/1/39
f 274/1/40 307/1/40 306/1/40 273/1/40
f 261/1/41 294/1/41 293/1/41 260/1/41
f 288/1/42 321/1/42 320/1/42 287/1/42
f 275/1/43 308/1/43 307/1/43 274/1/43
f 262/1/44 295/1/44 294/1/44 261/1/44
f 289/1/45 322/1/45 321/1/45 288/1/45
f 276/1/46 309/1/46 308/1/46 275/1/46
f 263/1/47 296/1/47 295/1/47 262/1/47
f 258/1/48 291/1/48 322/1/48 289/1/48
f 277/1/49 310/1/49 309/1/49 276/1/49
f 264/1/50 297/1/50 296/1/50 263/1/50
f 267/1/51 300/1/51 323/1/51 290/1/51
f 278/1/52 311/1/52 310/1/52 277/1/52
f 265/1/53 298/1/53 297/1/53 264/1/53
f 279/1/54 312/1/54 311/1/54 278/1/54
f 266/1/55 299/1/55 298/1/55 265/1/55
f 280/1/56 313/1/56 312/1/56 279/1/56
f 267/1/57 300/1/57 299/1/57 266/1/57
f 281/1/58 314/1/58 313/1/58 280/1/58
f 268/1/59 301/1/59 300/1/59 267/1/59
f 282/1/60 315/1/60 314/1/60 281/1/60
f 269/1/61 302/1/61 301/1/61 268/1/61
f 283/1/62 316/1/62 315/1/62 282/1/62
f 270/1/63 303/1/63 302/1/63 269/1/63
f 284/1/64 317/1/64 316/1/64 283/1/64
f 271/1/65 304/1/65 303/1/65 270/1/65
f 285/1/66 318/1/66 317/1/66 284/1/66
f 272/1/67 305/1/67 304/1/67 271/1/67
f 259/1/68 292/1/68 291/1/68 258/1/68
f 286/1/69 319/1/69 318/1/69 285/1/69
f 273/1/70 306/1/70 305/1/70 272/1/70
f 294/1/71 327/1/71 326/1/71 293/1/71
f 321/1/72 354/1/72 353/1/72 320/1/72
f 308/1/73 341/1/73 340/1/73 307/1/73
f 295/1/74 328/1/74 327/1/74 294/1/74
f 322/1/75 355/1/75 354/1/75 321/1/75
f 309/1/76 342/1/76 341/1/76 308/1/76
f 296/1/77 329/1/77 328/1/77 295/1/77
f 291/1/78 324/1/78 355/1/78 322/1/78
f 310/1/79 343/1/79 342/1/79 309/1/79
f 297/1/80 330/1/80 329/1/80 296/1/80
f 300/1/81 333/1/81 356/1/81 323/1/81
f 311/1/82 344/1/82 343/1/82 310/1/82
f 298/1/83 331/1/83 330/1/83 297/1/83
f 312/1/84 345/1/84 344/1/84 311/1/84
f 299/1/85 332/1/85 331/1/85 298/1/85
f 313/1/86 346/1/86 345/1/86 312/1/86
f 300/1/87 333/1/87 332/1/87 299/1/87
f 314/1/88 347/1/88 346/1/88 313/1/88
f 301/1/89 334/1/89 333/1/89 300/1/89
f 315/1/90 348/1/90 347/1/90 314/1/90
f 302/1/91 335/1/91 334/1/91 301/1/91
f 316/1/92 349/1/92 348/1/92 315/1/92
f 303/1/93 336/1/93 335/1/93 302/1/93
f 317/1/94 350/1/94 349/1/94 316/1/94
f 304/1/95 337/1/95 336/1/95 303/1/95
f 318/1/96 351/1/96 350/1/96 317/1/96
f 305/1/97 338/1/97 337/1/97 304/1/97
f 292/1/98 325/1/98 324/1/98 291/1/98
f 319/1/99 352/1/99 351/1/99 318/1/99
f 306/1/100 339/1/100 338/1/100 305/1/100
f 293/1/101 326/1/101 325/1/101 292/1/101
f 320/1/102 353/1/102 352/1/102 319/1/102
f 307/1/103 340/1/103 339/1/103 306/1/103
s 0
f 328/1/1 361/1/2 360/1/3 327/1/2
f 355/1/3 388/1/2 387/1/3 354/1/2
f 342/1/3 375/1/2 374/1/3 341/1/2
f 329/1/1 362/1/5 361/1/3 328/1/2
f 324/1/3 357/1/2 388/1/1 355/1/2
f 343/1/1 376/1/2 375/1/3 342/1/2
f 330/1/1 363/1/5 362/1/1 329/1/2
f 333/1/3 366/1/2 389/1/1 356/1/2
f 344/1/1 377/1/2 376/1/1 343/1/2
f 331/1/3 364/1/2 363/1/1 330/1/2
f 345/1/1 378/1/2 377/1/3 344/1/4
f 332/1/3 365/1/2 364/1/3 331/1/2
f 346/1/1 379/1/2 378/1/1 345/1/5
f 333/1/3 366/1/2 365/1/3 332/1/2
f 347/1/1 380/1/2 379/1/3 346/1/2
f 334/1/3 367/1/2 366/1/1 333/1/2
f 348/1/3 381/1/2 380/1/3 347/1/2
f 335/1/1 368/1/5 367/1/1 334/1/2
f 349/1/3 382/1/2 381/1/3 348/1/2
f 336/1/3 369/1/4 368/1/1 335/1/2
f 350/1/1 383/1/2 382/1/3 349/1/2
f 337/1/1 370/1/2 369/1/3 336/1/2
f 351/1/1 384/1/2 383/1/1 350/1/5
f 338/1/3 371/1/2 370/1/1 337/1/2
f 325/1/1 358/1/2 357/1/3 324/1/2
f 352/1/3 385/1/2 384/1/1 351/1/5
f 339/1/3 372/1/2 371/1/3 338/1/2
f 326/1/3 359/1/2 358/1/3 325/1/2
f 353/1/3 386/1/2 385/1/1 352/1/2
f 340/1/1 373/1/2 372/1/3 339/1/2
f 327/1/3 360/1/2 359/1/1 326/1/2
f 354/1/1 387/1/2 386/1/3 353/1/2
f 341/1/3 374/1/2 373/1/1 340/1/2
s 1
f 362/1/104 395/1/104 394/1/104 361/1/104
f 357/1/105 390/1/105 421/1/105 388/1/105
f 376/1/106 409/1/106 408/1/106 375/1/106
f 363/1/107 396/1/107 395/1/107 362/1/107
f 366/1/108 399/1/108 422/1/108 389/1/108
f 377/1/109 410/1/109 409/1/109 376/1/109
f 364/1/110 397/1/110 396/1/110 363/1/110
f 378/1/111 411/1/111 410/1/111 377/1/111
f 365/1/112 398/1/112 397/1/112 364/1/112
f 379/1/113 412/1/113 411/1/113 378/1/113
f 366/1/114 399/1/114 398/1/114 365/1/114
f 380/1/115 413/1/115 412/1/115 379/1/115
f 367/1/116 400/1/116 399/1/116 366/1/116
f 381/1/117 414/1/117 413/1/117 380/1/117
f 368/1/118 401/1/118 400/1/118 367/1/118
f 382/1/119 415/1/119 414/1/119 381/1/119
f 369/1/120 402/1/120 401/1/120 368/1/120
f 383/1/121 416/1/121 415/1/121 382/1/121
f 370/1/122 403/1/122 402/1/122 369/1/122
f 384/1/123 417/1/123 416/1/123 383/1/123
f 371/1/124 404/1/124 403/1/124 370/1/124
f 358/1/125 391/1/125 390/1/125 357/1/125
f 385/1/126 418/1/126 417/1/126 384/1/126
f 372/1/127 405/1/127 404/1/127 371/1/127
f 359/1/128 392/1/128 391/1/128 358/1/128
f 386/1/129 419/1/129 418/1/129 385/1/129
f 373/1/130 406/1/130 405/1/130 372/1/130
f 360/1/131 393/1/131 392/1/131 359/1/131
f 387/1/132 420/1/132 419/1/132 386/1/132
f 374/1/133 407/1/133 406/1/133 373/1/133
f 361/1/134 394/1/134 393/1/134 360/1/134
f 388/1/135 421/1/135 420/1/135 387/1/135
f 375/1/136 408/1/136 407/1/136 374/1/136
f 396/1/137 429/1/137 428/1/137 395/1/137
f 399/1/138 432/1/138 455/1/138 422/1/138
f 410/1/139 443/1/139 442/1/139 409/1/139
f 397/1/140 430/1/140 429/1/140 396/1/140
f 411/1/141 444/1/141 443/1/141 410/1/141
f 398/1/142 431/1/142 430/1/142 397/1/142
f 412/1/143 445/1/143 444/1/143 411/1/143
f 399/1/144 432/1/144 431/1/144 398/1/144
f 413/1/145 446/1/145 445/1/145 412/1/145
f 400/1/146 433/1/146 432/1/146 399/1/146
f 414/1/147 447/1/147 446/1/147 413/1/147
f 401/1/148 434/1/148 433/1/148 400/1/148
f 415/1/149 448/1/149 447/1/149 414/1/149
f 402/1/150 435/1/150 434/1/150 401/1/150
f 416/1/151 449/1/151 448/1/151 415/1/151
f 403/1/152 436/1/152 435/1/152 402/1/152
f 417/1/153 450/1/153 449/1/153 416/1/153
f 404/1/154 437/1/154 436/1/154 403/1/154
f 391/1/155 424/1/155 423/1/155 390/1/155
f 418/1/156 451/1/156 450/1/156 417/1/156
f 405/1/157 438/1/157 437/1/157 404/1/157
f 392/1/158 425/1/158 424/1/158 391/1/158
f 419/1/159 452/1/159 451/1/159 418/1/159
f 406/1/160 439/1/160 438/1/160 405/1/160
f 393/1/161 426/1/161 425/1/161 392/1/161
f 420/1/162 453/1/162 452/1/162 419/1/162
f 407/1/163 440/1/163 439/1/163 406/1/163
f 394/1/164 427/1/164 426/1/164 393/1/164
f 421/1/165 454/1/165 453/1/165 420/1/165
f 408/1/166 441/1/166 440/1/166 407/1/166
f 395/1/167 428/1/167 427/1/167 394/1/167
f 390/1/168 423/1/168 454/1/168 421/1/168
f 409/1/169 442/1/169 441/1/169 408/1/169
f 430/1/170 463/1/170 462/1/171 429/1/171
f 444/1/172 477/1/172 476/1/173 443/1/173
f 431/1/174 464/1/174 463/1/170 430/1/170
f 445/1/172 478/1/172 477/1/172 444/1/172
f 432/1/174 465/1/174 464/1/174 431/1/174
f 446/1/175 479/1/175 478/1/172 445/1/172
f 433/1/176 466/1/176 465/1/177 432/1/177
f 447/1/178 480/1/178 479/1/175 446/1/175
f 434/1/176 467/1/176 466/1/176 433/1/176
f 448/1/175 481/1/175 480/1/178 447/1/178
f 435/1/179 468/1/179 467/1/176 434/1/176
f 449/1/180 482/1/180 481/1/175 448/1/175
f 436/1/181 469/1/181 468/1/179 435/1/179
f 450/1/180 483/1/180 482/1/180 449/1/180
f 437/1/181 470/1/181 469/1/181 436/1/181
f 424/1/182 457/1/182 456/1/183 423/1/183
f 451/1/184 484/1/184 483/1/180 450/1/180
f 438/1/185 471/1/185 470/1/181 437/1/181
f 425/1/186 458/1/186 457/1/182 424/1/182
f 452/1/187 485/1/187 484/1/184 451/1/184
f 439/1/188 472/1/188 471/1/185 438/1/185
f 426/1/186 459/1/186 458/1/186 425/1/186
f 453/1/187 486/1/187 485/1/187 452/1/187
f 440/1/189 473/1/189 472/1/188 439/1/188
f 427/1/190 460/1/190 459/1/186 426/1/186
f 454/1/183 487/1/191 486/1/187 453/1/187
f 441/1/192 474/1/192 473/1/189 440/1/189
f 428/1/171 461/1/171 460/1/190 427/1/190
f 423/1/183 456/1/183 487/1/191 454/1/183
f 442/1/192 475/1/192 474/1/192 441/1/192
f 429/1/171 462/1/171 461/1/171 428/1/171
f 432/1/193 465/1/193 488/1/193 455/1/193
f 443/1/173 476/1/173 475/1/192 442/1/192
f 464/1/194 497/1/194 496/1/194 463/1/194
f 478/1/195 511/1/195 510/1/195 477/1/195
f 465/1/196 498/1/196 497/1/196 464/1/196
f 479/1/197 512/1/197 511/1/197 478/1/197
f 466/1/198 499/1/198 498/1/198 465/1/198
f 480/1/199 513/1/199 512/1/199 479/1/199
f 467/1/200 500/1/200 499/1/200 466/1/200
f 481/1/201 514/1/201 513/1/201 480/1/201
f 468/1/202 501/1/202 500/1/202 467/1/202
f 482/1/203 515/1/203 514/1/203 481/1/203
f 469/1/204 502/1/204 501/1/204 468/1/204
f 483/1/205 516/1/205 515/1/205 482/1/205
f 470/1/206 503/1/206 502/1/206 469/1/206
f 457/1/207 490/1/207 489/1/207 456/1/207
f 484/1/208 517/1/208 516/1/208 483/1/208
f 471/1/209 504/1/209 503/1/209 470/1/209
f 458/1/210 491/1/210 490/1/210 457/1/210
f 485/1/211 518/1/211 517/1/211 484/1/211
f 472/1/212 505/1/212 504/1/212 471/1/212
f 459/1/213 492/1/213 491/1/213 458/1/213
f 486/1/214 519/1/214 518/1/214 485/1/214
f 473/1/215 506/1/215 505/1/215 472/1/215
f 460/1/216 493/1/216 492/1/216 459/1/216
f 487/1/217 520/1/217 519/1/217 486/1/217
f 474/1/218 507/1/218 506/1/218 473/1/218
f 461/1/219 494/1/219 493/1/219 460/1/219
f 456/1/220 489/1/220 520/1/220 487/1/220
f 475/1/221 508/1/221 507/1/221 474/1/221
f 462/1/222 495/1/222 494/1/222 461/1/222
f 465/1/223 498/1/223 521/1/223 488/1/223
f 476/1/224 509/1/224 508/1/224 475/1/224
f 463/1/225 496/1/225 495/1/225 462/1/225
f 477/1/226 510/1/226 509/1/226 476/1/226
f 498/1/227 531/1/227 530/1/227 497/1/227
f 512/1/228 545/1/228 544/1/228 511/1/228
f 499/1/229 532/1/229 531/1/229 498/1/229
f 513/1/230 546/1/230 545/1/230 512/1/230
f 500/1/231 533/1/231 532/1/231 499/1/231
f 514/1/232 547/1/232 546/1/232 513/1/232
f 501/1/233 534/1/233 533/1/233 500/1/233
f 515/1/234 548/1/234 547/1/234 514/1/234
f 502/1/235 535/1/235 534/1/235 501/1/235
f 516/1/236 549/1/236 548/1/236 515/1/236
f 503/1/237 536/1/237 535/1/237 502/1/237
f 490/1/238 523/1/238 522/1/238 489/1/238
f 517/1/239 550/1/239 549/1/239 516/1/239
f 504/1/240 537/1/240 536/1/240 503/1/240
f 491/1/241 524/1/241 523/1/241 490/1/241
f 518/1/242 551/1/242 550/1/242 517/1/242
f 505/1/243 538/1/243 537/1/243 504/1/243
f 492/1/244 525/1/244 524/1/244 491/1/244
f 519/1/245 552/1/245 551/1/245 518/1/245
f 506/1/246 539/1/246 538/1/246 505/1/246
f 493/1/247 526/1/247 525/1/247 492/1/247
f 520/1/248 553/1/248 552/1/248 519/1/248
f 507/1/249 540/1/249 539/1/249 506/1/249
f 494/1/250 527/1/250 526/1/250 493/1/250
f 489/1/251 522/1/251 553/1/251 520/1/251
f 508/1/252 541/1/252 540/1/252 507/1/252
f 495/1/253 528/1/253 527/1/253 494/1/253
f 498/1/254 531/1/254 554/1/254 521/1/254
f 509/1/255 542/1/255 541/1/255 508/1/255
f 496/1/256 529/1/256 528/1/256 495/1/256
f 510/1/257 543/1/257 542/1/257 509/1/257
f 497/1/258 530/1/258 529/1/258 496/1/258
f 511/1/259 544/1/259 543/1/259 510/1/259
s 0
f 532/1/3 565/1/2 564/1/1 531/1/2
f 546/1/3 579/1/2 578/1/3 545/1/2
f 533/1/1 566/1/5 565/1/1 532/1/2
f 547/1/3 580/1/2 579/1/3 546/1/2
f 534/1/3 567/1/4 566/1/1 533/1/2
f 548/1/1 581/1/2 580/1/3 547/1/2
f 535/1/1 568/1/2 567/1/1 534/1/2
f 549/1/1 582/1/2 581/1/1 548/1/5
f 536/1/3 569/1/2 568/1/1 535/1/2
f 523/1/1 556/1/2 555/1/3 522/1/2
f 550/1/1 583/1/2 582/1/3 549/1/4
f 537/1/3 570/1/2 569/1/3 536/1/2
f 524/1/3 557/1/2 556/1/3 523/1/2
f 551/1/1 584/1/2 583/1/1 550/1/2
f 538/1/1 571/1/2 570/1/3 537/1/2
f 525/1/3 558/1/2 557/1/1 524/1/2
f 552/1/1 585/1/2 584/1/3 551/1/2
f 539/1/3 572/1/2 571/1/1 538/1/2
f 526/1/1 559/1/2 558/1/3 525/1/2
f 553/1/3 586/1/2 585/1/3 552/1/2
f 540/1/3 573/1/2 572/1/3 539/1/2
f 527/1/1 560/1/5 559/1/3 526/1/2
f 522/1/3 555/1/2 586/1/1 553/1/2
f 541/1/1 574/1/2 573/1/3 540/1/2
f 528/1/1 561/1/5 560/1/1 527/1/2
f 531/1/1 564/1/2 587/1/3 554/1/2
f 542/1/1 575/1/2 574/1/1 541/1/2
f 529/1/3 562/1/2 561/1/1 528/1/2
f 543/1/1 576/1/2 575/1/3 542/1/4
f 530/1/3 563/1/2 562/1/3 529/1/2
f 544/1/1 577/1/2 576/1/1 543/1/5
f 531/1/3 564/1/2 563/1/3 530/1/2
f 545/1/1 578/1/2 577/1/3 544/1/2
s 1
f 566/1/260 599/1/260 598/1/260 565/1/260
f 580/1/261 613/1/261 612/1/261 579/1/261
f 567/1/262 600/1/262 599/1/262 566/1/262
f 581/1/263 614/1/263 613/1/263 580/1/263
f 568/1/264 601/1/264 600/1/264 567/1/264
f 582/1/265 615/1/265 614/1/265 581/1/265
f 569/1/266 602/1/266 601/1/266 568/1/266
f 556/1/267 589/1/267 588/1/267 555/1/267
f 583/1/268 616/1/268 615/1/268 582/1/268
f 570/1/269 603/1/269 602/1/269 569/1/269
f 557/1/270 590/1/270 589/1/270 556/1/270
f 584/1/271 617/1/271 616/1/271 583/1/271
f 571/1/272 604/1/272 603/1/272 570/1/272
f 558/1/273 591/1/273 590/1/273 557/1/273
f 585/1/274 618/1/274 617/1/274 584/1/274
f 572/1/275 605/1/275 604/1/275 571/1/275
f 559/1/276 592/1/276 591/1/276 558/1/276
f 586/1/277 619/1/277 618/1/277 585/1/277
f 573/1/278 606/1/278 605/1/278 572/1/278
f 560/1/279 593/1/279 592/1/279 559/1/279
f 555/1/280 588/1/280 619/1/280 586/1/280
f 574/1/281 607/1/281 606/1/281 573/1/281
f 561/1/282 594/1/282 593/1/282 560/1/282
f 564/1/283 597/1/283 620/1/283 587/1/283
f 575/1/284 608/1/284 607/1/284 574/1/284
f 562/1/285 595/1/285 594/1/285 561/1/285
f 576/1/286 609/1/286 608/1/286 575/1/286
f 563/1/287 596/1/287 595/1/287 562/1/287
f 577/1/288 610/1/288 609/1/288 576/1/288
f 564/1/289 597/1/289 596/1/289 563/1/289
f 578/1/290 611/1/290 610/1/290 577/1/290
f 565/1/291 598/1/291 597/1/291 564/1/291
f 579/1/292 612/1/292 611/1/292 578/1/292
f 619/1/293 652/1/293 651/1/293 618/1/293
f 606/1/294 639/1/294 638/1/294 605/1/294
f 593/1/295 626/1/295 625/1/295 592/1/295
f 588/1/296 621/1/296 652/1/296 619/1/296
f 607/1/297 640/1/297 639/1/297 606/1/297
f 594/1/298 627/1/298 626/1/298 593/1/298
f 597/1/299 630/1/299 653/1/299 620/1/299
f 608/1/300 641/1/300 640/1/300 607/1/300
f 595/1/301 628/1/301 627/1/301 594/1/301
f 609/1/302 642/1/302 641/1/302 608/1/302
f 596/1/303 629/1/303 628/1/303 595/1/303
f 610/1/304 643/1/304 642/1/304 609/1/304
f 597/1/305 630/1/305 629/1/305 596/1/305
f 611/1/306 644/1/306 643/1/306 610/1/306
f 598/1/307 631/1/307 630/1/307 597/1/307
f 612/1/308 645/1/308 644/1/308 611/1/308
f 599/1/309 632/1/309 631/1/309 598/1/309
f 613/1/310 646/1/310 645/1/310 612/1/310
f 600/1/311 633/1/311 632/1/311 599/1/311
f 614/1/312 647/1/312 646/1/312 613/1/312
f 601/1/313 634/1/313 633/1/313 600/1/313
f 615/1/314 648/1/314 647/1/314 614/1/314
f 602/1/315 635/1/315 634/1/315 601/1/315
f 589/1/316 622/1/316 621/1/316 588/1/316
f 616/1/317 649/1/317 648/1/317 615/1/317
f 603/1/318 636/1/318 635/1/318 602/1/318
f 590/1/319 623/1/319 622/1/319 589/1/319
f 617/1/320 650/1/320 649/1/320 616/1/320
f 604/1/321 637/1/321 636/1/321 603/1/321
f 591/1/322 624/1/322 623/1/322 590/1/322
f 618/1/323 651/1/323 650/1/323 617/1/323
f 605/1/324 638/1/324 637/1/324 604/1/324
f 592/1/325 625/1/325 624/1/325 591/1/325
f 1130/2/326 667/3/326 666/4/326 656/5/326
f 1134/6/327 675/7/327 674/8/327 1133/9/327
f 657/10/328 668/11/328 667/3/328 1130/2/328
f 1135/12/329 676/13/329 675/7/329 1134/6/329
f 658/14/330 669/15/330 668/11/330 657/10/330
f 1127/16/331 662/17/331 654/18/331
f 661/19/332 676/13/332 1135/12/332
f 659/20/333 670/21/333 669/15/333 658/14/333
f 1128/22/334 663/23/334 662/17/334 1127/16/334
f 1131/24/335 671/25/335 670/21/335 659/20/335
f 655/26/336 664/27/336 663/23/336 1128/22/336
f 660/28/337 672/29/337 671/25/337 1131/24/337
f 1129/30/338 665/31/338 664/27/338 655/26/338
f 1132/32/339 673/33/339 672/29/339 660/28/339
f 656/5/340 666/4/340 665/31/340 1129/30/340
f 1133/9/341 674/8/341 673/33/341 1132/32/341
f 673/33/342 688/34/342 687/35/342 672/29/342
f 666/4/343 681/36/343 680/37/343 665/31/343
f 674/8/344 689/38/344 688/34/344 673/33/344
f 667/3/345 682/39/345 681/36/345 666/4/345
f 675/7/346 690/40/346 689/38/346 674/8/346
f 668/11/347 683/41/347 682/39/347 667/3/347
f 676/13/348 691/42/348 690/40/348 675/7/348
f 669/15/349 684/43/349 683/41/349 668/11/349
f 662/17/350 677/44/350 654/45/350
f 661/46/351 691/42/351 676/13/351
f 670/21/352 685/47/352 684/43/352 669/15/352
f 663/23/353 678/48/353 677/44/353 662/17/353
f 671/25/354 686/49/354 685/47/354 670/21/354
f 664/27/355 679/50/355 678/48/355 663/23/355
f 672/29/356 687/35/356 686/49/356 671/25/356
f 665/31/357 680/37/357 679/50/357 664/27/357
f 661/51/358 706/52/358 691/42/358
f 685/47/359 700/53/359 699/54/359 684/43/359
f 678/48/360 693/55/360 692/56/360 677/44/360
f 686/49/361 701/57/361 700/53/361 685/47/361
f 679/50/362 694/58/362 693/55/362 678/48/362
f 687/35/363 702/59/363 701/57/363 686/49/363
f 680/37/364 695/60/364 694/58/364 679/50/364
f 688/34/365 703/61/365 702/59/365 687/35/365
f 681/36/366 696/62/366 695/60/366 680/37/366
f 689/38/367 704/63/367 703/61/367 688/34/367
f 682/39/368 697/64/368 696/62/368 681/36/368
f 690/40/369 705/65/369 704/63/369 689/38/369
f 683/41/370 698/66/370 697/64/370 682/39/370
f 691/42/371 706/52/371 705/65/371 690/40/371
f 684/43/372 699/54/372 698/66/372 683/41/372
f 677/44/373 692/56/373 654/67/373
f 704/63/374 719/68/374 718/69/374 703/61/374
f 697/64/375 712/70/375 711/71/375 696/62/375
f 705/65/376 720/72/376 719/68/376 704/63/376
f 698/66/377 713/73/377 712/70/377 697/64/377
f 706/52/378 721/74/378 720/72/378 705/65/378
f 699/54/379 714/75/379 713/73/379 698/66/379
f 692/56/380 707/76/380 654/77/380
f 661/78/381 721/74/381 706/52/381
f 700/53/382 715/79/382 714/75/382 699/54/382
f 693/55/383 708/80/383 707/76/383 692/56/383
f 701/57/384 716/81/384 715/79/384 700/53/384
f 694/58/385 709/82/385 708/80/385 693/55/385
f 702/59/386 717/83/386 716/81/386 701/57/386
f 695/60/387 710/84/387 709/82/387 694/58/387
f 703/61/388 718/69/388 717/83/388 702/59/388
f 696/62/389 711/71/389 710/84/389 695/60/389
f 708/80/390 723/85/390 722/86/390 707/76/390
f 716/81/391 731/87/391 730/88/391 715/79/391
f 709/82/392 724/89/392 723/85/392 708/80/392
f 717/83/393 732/90/393 731/87/393 716/81/393
f 710/84/394 725/91/394 724/89/394 709/82/394
f 718/69/395 733/92/395 732/90/395 717/83/395
f 711/71/396 726/93/396 725/91/396 710/84/396
f 719/68/397 734/94/397 733/92/397 718/69/397
f 712/70/398 727/95/398 726/93/398 711/71/398
f 720/72/399 735/96/399 734/94/399 719/68/399
f 713/73/400 728/97/400 727/95/400 712/70/400
f 721/74/401 736/98/401 735/96/401 720/72/401
f 714/75/402 729/99/402 728/97/402 713/73/402
f 707/76/403 722/86/403 654/100/403
f 661/101/404 736/98/404 721/74/404
f 715/79/405 730/88/405 729/99/405 714/75/405
f 727/95/406 742/102/406 741/103/406 726/93/406
f 735/96/407 750/104/407 749/105/407 734/94/407
f 728/97/408 743/106/408 742/102/408 727/95/408
f 736/98/409 751/107/409 750/104/409 735/96/409
f 729/99/410 744/108/410 743/106/410 728/97/410
f 722/86/411 737/109/411 654/110/411
f 661/111/412 751/107/412 736/98/412
f 730/88/413 745/112/413 744/108/413 729/99/413
f 723/85/414 738/113/414 737/109/414 722/86/414
f 731/87/415 746/114/415 745/112/415 730/88/415
f 724/89/416 739/115/416 738/113/416 723/85/416
f 732/90/417 747/116/417 746/114/417 731/87/417
f 725/91/418 740/117/418 739/115/418 724/89/418
f 733/92/419 748/118/419 747/116/419 732/90/419
f 726/93/420 741/103/420 740/117/420 725/91/420
f 734/94/421 749/105/421 748/118/421 733/92/421
f 746/114/422 761/119/422 760/120/422 745/112/422
f 739/115/423 754/121/423 753/122/423 738/113/423
f 747/116/424 762/123/424 761/119/424 746/114/424
f 740/117/425 755/124/425 754/121/425 739/115/425
f 748/118/426 763/125/426 762/123/426 747/116/426
f 741/103/427 756/126/427 755/124/427 740/117/427
f 749/105/428 764/127/428 763/125/428 748/118/428
f 742/102/429 757/128/429 756/126/429 741/103/429
f 750/104/430 765/129/430 764/127/430 749/105/430
f 743/106/431 758/130/431 757/128/431 742/102/431
f 751/107/432 766/131/432 765/129/432 750/104/432
f 744/108/433 759/132/433 758/130/433 743/106/433
f 737/109/434 752/133/434 654/134/434
f 661/135/435 766/131/435 751/107/435
f 745/112/436 760/120/436 759/132/436 744/108/436
f 738/113/437 753/122/437 752/133/437 737/109/437
f 765/129/438 780/136/438 779/137/438 764/127/438
f 758/130/439 773/138/439 772/139/439 757/128/439
f 766/131/440 781/140/440 780/136/440 765/129/440
f 759/132/441 774/141/441 773/138/441 758/130/441
f 752/133/442 767/142/442 654/143/442
f 661/144/443 781/140/443 766/131/443
f 760/120/444 775/145/444 774/141/444 759/132/444
f 753/122/445 768/146/445 767/142/445 752/133/445
f 761/119/446 776/147/446 775/145/446 760/120/446
f 754/121/447 769/148/447 768/146/447 753/122/447
f 762/123/448 777/149/448 776/147/448 761/119/448
f 755/124/449 770/150/449 769/148/449 754/121/449
f 763/125/450 778/151/450 777/149/450 762/123/450
f 756/126/451 771/152/451 770/150/451 755/124/451
f 764/127/452 779/137/452 778/151/452 763/125/452
f 757/128/453 772/139/453 771/152/453 756/126/453
f 769/148/454 784/153/454 783/154/454 768/146/454
f 777/149/455 792/155/455 791/156/455 776/147/455
f 770/150/456 785/157/456 784/153/456 769/148/456
f 778/151/457 793/158/457 792/155/457 777/149/457
f 771/152/458 786/159/458 785/157/458 770/150/458
f 779/137/459 794/160/459 793/158/459 778/151/459
f 772/139/460 787/161/460 786/159/460 771/152/460
f 780/136/461 795/162/461 794/160/461 779/137/461
f 773/138/462 788/163/462 787/161/462 772/139/462
f 781/140/463 796/164/463 795/162/463 780/136/463
f 774/141/464 789/165/464 788/163/464 773/138/464
f 767/142/465 782/166/465 654/167/465
f 661/168/466 796/164/466 781/140/466
f 775/145/467 790/169/467 789/165/467 774/141/467
f 768/146/468 783/154/468 782/166/468 767/142/468
f 776/147/469 791/156/469 790/169/469 775/145/469
f 788/163/470 803/170/470 802/171/470 787/161/470
f 796/164/471 811/172/471 810/173/471 795/162/471
f 789/165/472 804/174/472 803/170/472 788/163/472
f 782/166/473 797/175/473 654/176/473
f 661/177/474 811/172/474 796/164/474
f 790/169/475 805/178/475 804/174/475 789/165/475
f 783/154/476 798/179/476 797/175/476 782/166/476
f 791/156/477 806/180/477 805/178/477 790/169/477
f 784/153/478 799/181/478 798/179/478 783/154/478
f 792/155/479 807/182/479 806/180/479 791/156/479
f 785/157/480 800/183/480 799/181/480 784/153/480
f 793/158/481 808/184/481 807/182/481 792/155/481
f 786/159/482 801/185/482 800/183/482 785/157/482
f 794/160/483 809/186/483 808/184/483 793/158/483
f 787/161/484 802/171/484 801/185/484 786/159/484
f 795/162/485 810/173/485 809/186/485 794/160/485
f 807/182/486 822/187/486 821/188/486 806/180/486
f 800/183/487 815/189/487 814/190/487 799/181/487
f 808/184/488 823/191/488 822/187/488 807/182/488
f 801/185/489 816/192/489 815/189/489 800/183/489
f 809/186/490 824/193/490 823/191/490 808/184/490
f 802/171/491 817/194/491 816/192/491 801/185/491
f 810/173/492 825/195/492 824/193/492 809/186/492
f 803/170/493 818/196/493 817/194/493 802/171/493
f 811/172/494 826/197/494 825/195/494 810/173/494
f 804/174/495 819/198/495 818/196/495 803/170/495
f 797/175/496 812/199/496 654/200/496
f 661/201/497 826/197/497 811/172/497
f 805/178/498 820/202/498 819/198/498 804/174/498
f 798/179/499 813/203/499 812/199/499 797/175/499
f 806/180/500 821/188/500 820/202/500 805/178/500
f 799/181/501 814/190/501 813/203/501 798/179/501
f 826/197/502 841/204/502 840/205/502 825/195/502
f 819/198/503 834/206/503 833/207/503 818/196/503
f 812/199/504 827/208/504 654/209/504
f 661/210/505 841/204/505 826/197/505
f 820/202/506 835/211/506 834/206/506 819/198/506
f 813/203/507 828/212/507 827/208/507 812/199/507
f 821/188/508 836/213/508 835/211/508 820/202/508
f 814/190/509 829/214/509 828/212/509 813/203/509
f 822/187/510 837/215/510 836/213/510 821/188/510
f 815/189/511 830/216/511 829/214/511 814/190/511
f 823/191/512 838/217/512 837/215/512 822/187/512
f 816/192/513 831/218/513 830/216/513 815/189/513
f 824/193/514 839/219/514 838/217/514 823/191/514
f 817/194/515 832/220/515 831/218/515 816/192/515
f 825/195/516 840/205/516 839/219/516 824/193/516
f 818/196/517 833/207/517 832/220/517 817/194/517
f 827/208/518 842/221/518 654/222/518
f 661/223/519 856/224/519 841/204/519
f 835/211/520 850/225/520 849/226/520 834/206/520
f 828/212/521 843/227/521 842/221/521 827/208/521
f 836/213/522 851/228/522 850/225/522 835/211/522
f 829/214/523 844/229/523 843/227/523 828/212/523
f 837/215/524 852/230/524 851/228/524 836/213/524
f 830/216/525 845/231/525 844/229/525 829/214/525
f 838/217/526 853/232/526 852/230/526 837/215/526
f 831/218/527 846/233/527 845/231/527 830/216/527
f 839/219/528 854/234/528 853/232/528 838/217/528
f 832/220/529 847/235/529 846/233/529 831/218/529
f 840/205/530 855/236/530 854/234/530 839/219/530
f 833/207/531 848/237/531 847/235/531 832/220/531
f 841/204/532 856/224/532 855/236/532 840/205/532
f 834/206/533 849/226/533 848/237/533 833/207/533
f 846/233/534 861/238/534 860/239/534 845/231/534
f 854/234/535 869/240/535 868/241/535 853/232/535
f 847/235/536 862/242/536 861/238/536 846/233/536
f 855/236/537 870/243/537 869/240/537 854/234/537
f 848/237/538 863/244/538 862/242/538 847/235/538
f 856/224/539 871/245/539 870/243/539 855/236/539
f 849/226/540 864/246/540 863/244/540 848/237/540
f 842/221/541 857/247/541 654/248/541
f 661/249/542 871/245/542 856/224/542
f 850/225/543 865/250/543 864/246/543 849/226/543
f 843/227/544 858/251/544 857/247/544 842/221/544
f 851/228/545 866/252/545 865/250/545 850/225/545
f 844/229/546 859/253/546 858/251/546 843/227/546
f 852/230/547 867/254/547 866/252/547 851/228/547
f 845/231/548 860/239/548 859/253/548 844/229/548
f 853/232/549 868/241/549 867/254/549 852/230/549
f 865/250/550 880/255/550 879/256/550 864/246/550
f 858/251/551 873/257/551 872/258/551 857/247/551
f 866/252/552 881/259/552 880/255/552 865/250/552
f 859/253/553 874/260/553 873/257/553 858/251/553
f 867/254/554 882/261/554 881/259/554 866/252/554
f 860/239/555 875/262/555 874/260/555 859/253/555
f 868/241/556 883/263/556 882/261/556 867/254/556
f 861/238/557 876/264/557 875/262/557 860/239/557
f 869/240/558 884/265/558 883/263/558 868/241/558
f 862/242/559 877/266/559 876/264/559 861/238/559
f 870/243/560 885/267/560 884/265/560 869/240/560
f 863/244/561 878/268/561 877/266/561 862/242/561
f 871/245/562 886/269/562 885/267/562 870/243/562
f 864/246/563 879/256/563 878/268/563 863/244/563
f 857/247/564 872/258/564 654/270/564
f 661/271/565 886/269/565 871/245/565
f 884/265/566 899/272/566 898/273/566 883/263/566
f 877/266/567 892/274/567 891/275/567 876/264/567
f 885/267/568 900/276/568 899/272/568 884/265/568
f 878/268/569 893/277/569 892/274/569 877/266/569
f 886/269/570 901/278/570 900/276/570 885/267/570
f 879/256/571 894/279/571 893/277/571 878/268/571
f 872/258/572 887/280/572 654/281/572
f 661/282/573 901/278/573 886/269/573
f 880/255/574 895/283/574 894/279/574 879/256/574
f 873/257/575 888/284/575 887/280/575 872/258/575
f 881/259/576 896/285/576 895/283/576 880/255/576
f 874/260/577 889/286/577 888/284/577 873/257/577
f 882/261/578 897/287/578 896/285/578 881/259/578
f 875/262/579 890/288/579 889/286/579 874/260/579
f 883/263/580 898/273/580 897/287/580 882/261/580
f 876/264/581 891/275/581 890/288/581 875/262/581
f 896/285/582 911/289/582 910/290/582 895/283/582
f 889/286/583 904/291/583 903/292/583 888/284/583
f 897/287/584 912/293/584 911/289/584 896/285/584
f 890/288/585 905/294/585 904/291/585 889/286/585
f 898/273/586 913/295/586 912/293/586 897/287/586
f 891/275/587 906/296/587 905/294/587 890/288/587
f 899/272/588 914/297/588 913/295/588 898/273/588
f 892/274/589 907/298/589 906/296/589 891/275/589
f 900/276/590 915/299/590 914/297/590 899/272/590
f 893/277/591 908/300/591 907/298/591 892/274/591
f 901/278/592 916/301/592 915/299/592 900/276/592
f 894/279/593 909/302/593 908/300/593 893/277/593
f 887/280/594 902/303/594 654/304/594
f 661/305/595 916/301/595 901/278/595
f 895/283/596 910/290/596 909/302/596 894/279/596
f 888/284/597 903/292/597 902/303/597 887/280/597
f 915/299/598 930/306/598 929/307/598 914/297/598
f 908/300/599 923/308/599 922/309/599 907/298/599
f 916/301/600 931/310/600 930/306/600 915/299/600
f 909/302/601 924/311/601 923/308/601 908/300/601
f 902/303/602 917/312/602 654/313/602
f 661/314/603 931/310/603 916/301/603
f 910/290/604 925/315/604 924/311/604 909/302/604
f 903/292/605 918/316/605 917/312/605 902/303/605
f 911/289/606 926/317/606 925/315/606 910/290/606
f 904/291/607 919/318/607 918/316/607 903/292/607
f 912/293/608 927/319/608 926/317/608 911/289/608
f 905/294/609 920/320/609 919/318/609 904/291/609
f 913/295/610 928/321/610 927/319/610 912/293/610
f 906/296/611 921/322/611 920/320/611 905/294/611
f 914/297/612 929/307/612 928/321/612 913/295/612
f 907/298/613 922/309/613 921/322/613 906/296/613
f 919/318/614 934/323/614 933/324/614 918/316/614
f 927/319/615 942/325/615 941/326/615 926/317/615
f 920/320/616 935/327/616 934/323/616 919/318/616
f 928/321/617 943/328/617 942/325/617 927/319/617
f 921/322/618 936/329/618 935/327/618 920/320/618
f 929/307/619 944/330/619 943/328/619 928/321/619
f 922/309/620 937/331/620 936/329/620 921/322/620
f 930/306/621 945/332/621 944/330/621 929/307/621
f 923/308/622 938/333/622 937/331/622 922/309/622
f 931/310/623 946/334/623 945/332/623 930/306/623
f 924/311/624 939/335/624 938/333/624 923/308/624
f 917/312/625 932/336/625 654/337/625
f 661/338/626 946/334/626 931/310/626
f 925/315/627 940/339/627 939/335/627 924/311/627
f 918/316/628 933/324/628 932/336/628 917/312/628
f 926/317/629 941/326/629 940/339/629 925/315/629
f 938/333/630 953/340/630 952/341/630 937/331/630
f 946/334/631 961/342/631 960/343/631 945/332/631
f 939/335/632 954/344/632 953/340/632 938/333/632
f 932/336/633 947/345/633 654/346/633
f 661/347/634 961/342/634 946/334/634
f 940/339/635 955/348/635 954/344/635 939/335/635
f 933/324/636 948/349/636 947/345/636 932/336/636
f 941/326/637 956/350/637 955/348/637 940/339/637
f 934/323/638 949/351/638 948/349/638 933/324/638
f 942/325/639 957/352/639 956/350/639 941/326/639
f 935/327/640 950/353/640 949/351/640 934/323/640
f 943/328/641 958/354/641 957/352/641 942/325/641
f 936/329/642 951/355/642 950/353/642 935/327/642
f 944/330/643 959/356/643 958/354/643 943/328/643
f 937/331/644 952/341/644 951/355/644 936/329/644
f 945/332/645 960/343/645 959/356/645 944/330/645
f 957/352/646 972/357/646 971/358/646 956/350/646
f 950/353/647 965/359/647 964/360/647 949/351/647
f 958/354/648 973/361/648 972/357/648 957/352/648
f 951/355/649 966/362/649 965/359/649 950/353/649
f 959/356/650 974/363/650 973/361/650 958/354/650
f 952/341/651 967/364/651 966/362/651 951/355/651
f 960/343/652 975/365/652 974/363/652 959/356/652
f 953/340/653 968/366/653 967/364/653 952/341/653
f 961/342/654 976/367/654 975/365/654 960/343/654
f 954/344/655 969/368/655 968/366/655 953/340/655
f 947/345/656 962/369/656 654/370/656
f 661/371/657 976/367/657 961/342/657
f 955/348/658 970/372/658 969/368/658 954/344/658
f 948/349/659 963/373/659 962/369/659 947/345/659
f 956/350/660 971/358/660 970/372/660 955/348/660
f 949/351/661 964/360/661 963/373/661 948/349/661
f 976/367/662 991/374/662 990/375/662 975/365/662
f 969/368/663 984/376/663 983/377/663 968/366/663
f 962/369/664 977/378/664 654/379/664
f 661/380/665 991/374/665 976/367/665
f 970/372/666 985/381/666 984/376/666 969/368/666
f 963/373/667 978/382/667 977/378/667 962/369/667
f 971/358/668 986/383/668 985/381/668 970/372/668
f 964/360/669 979/384/669 978/382/669 963/373/669
f 972/357/670 987/385/670 986/383/670 971/358/670
f 965/359/671 980/386/671 979/384/671 964/360/671
f 973/361/672 988/387/672 987/385/672 972/357/672
f 966/362/673 981/388/673 980/386/673 965/359/673
f 974/363/674 989/389/674 988/387/674 973/361/674
f 967/364/675 982/390/675 981/388/675 966/362/675
f 975/365/676 990/375/676 989/389/676 974/363/676
f 968/366/677 983/377/677 982/390/677 967/364/677
f 980/386/678 995/391/678 994/392/678 979/384/678
f 988/387/679 1003/393/679 1002/394/679 987/385/679
f 981/388/680 996/395/680 995/391/680 980/386/680
f 989/389/681 1004/396/681 1003/393/681 988/387/681
f 982/390/682 997/397/682 996/395/682 981/388/682
f 990/375/683 1005/398/683 1004/396/683 989/389/683
f 983/377/684 998/399/684 997/397/684 982/390/684
f 991/374/685 1006/400/685 1005/398/685 990/375/685
f 984/376/686 999/401/686 998/399/686 983/377/686
f 977/378/687 992/402/687 654/403/687
f 661/404/688 1006/400/688 991/374/688
f 985/381/689 1000/405/689 999/401/689 984/376/689
f 978/382/690 993/406/690 992/402/690 977/378/690
f 986/383/691 1001/407/691 1000/405/691 985/381/691
f 979/384/692 994/392/692 993/406/692 978/382/692
f 987/385/693 1002/394/693 1001/407/693 986/383/693
f 999/401/694 1014/408/694 1013/409/694 998/399/694
f 992/402/695 1007/410/695 654/411/695
f 661/412/696 1021/413/696 1006/400/696
f 1000/405/697 1015/414/697 1014/408/697 999/401/697
f 993/406/698 1008/415/698 1007/410/698 992/402/698
f 1001/407/699 1016/416/699 1015/414/699 1000/405/699
f 994/392/700 1009/417/700 1008/415/700 993/406/700
f 1002/394/701 1017/418/701 1016/416/701 1001/407/701
f 995/391/702 1010/419/702 1009/417/702 994/392/702
f 1003/393/703 1018/420/703 1017/418/703 1002/394/703
f 996/395/704 1011/421/704 1010/419/704 995/391/704
f 1004/396/705 1019/422/705 1018/420/705 1003/393/705
f 997/397/706 1012/423/706 1011/421/706 996/395/706
f 1005/398/707 1020/424/707 1019/422/707 1004/396/707
f 998/399/708 1013/409/708 1012/423/708 997/397/708
f 1006/400/709 1021/413/709 1020/424/709 1005/398/709
f 1018/425/710 1033/426/710 1032/427/710 1017/428/710
f 1011/429/711 1026/430/711 1025/431/711 1010/432/711
f 1019/433/712 1034/434/712 1033/426/712 1018/425/712
f 1012/435/713 1027/436/713 1026/430/713 1011/429/713
f 1020/437/714 1035/438/714 1034/434/714 1019/433/714
f 1013/439/715 1028/440/715 1027/436/715 1012/435/715
f 1021/441/716 1036/442/716 1035/438/716 1020/437/716
f 1014/443/717 1029/444/717 1028/440/717 1013/439/717
f 1007/445/718 1022/446/718 654/447/718
f 661/448/719 1036/442/719 1021/441/719
f 1015/449/720 1030/450/720 1029/444/720 1014/443/720
f 1008/451/721 1023/452/721 1022/446/721 1007/445/721
f 1016/453/722 1031/454/722 1030/450/722 1015/449/722
f 1009/455/723 1024/456/723 1023/452/723 1008/451/723
f 1017/428/724 1032/427/724 1031/454/724 1016/453/724
f 1010/432/725 1025/431/725 1024/456/725 1009/455/725
f 661/457/726 1051/458/726 1036/442/726
f 1030/450/727 1045/459/727 1044/460/727 1029/444/727
f 1023/452/728 1038/461/728 1037/462/728 1022/446/728
f 1031/454/729 1046/463/729 1045/459/729 1030/450/729
f 1024/456/730 1039/464/730 1038/461/730 1023/452/730
f 1032/427/731 1047/465/731 1046/463/731 1031/454/731
f 1025/431/732 1040/466/732 1039/464/732 1024/456/732
f 1033/426/733 1048/467/733 1047/465/733 1032/427/733
f 1026/430/734 1041/468/734 1040/466/734 1025/431/734
f 1034/434/735 1049/469/735 1048/467/735 1033/426/735
f 1027/436/736 1042/470/736 1041/468/736 1026/430/736
f 1035/438/737 1050/471/737 1049/469/737 1034/434/737
f 1028/440/738 1043/472/738 1042/470/738 1027/436/738
f 1036/442/739 1051/458/739 1050/471/739 1035/438/739
f 1029/444/740 1044/460/740 1043/472/740 1028/440/740
f 1022/446/741 1037/462/741 654/473/741
f 1049/469/742 1064/474/742 1063/475/742 1048/467/742
f 1042/470/743 1057/476/743 1056/477/743 1041/468/743
f 1050/471/744 1065/478/744 1064/474/744 1049/469/744
f 1043/472/745 1058/479/745 1057/476/745 1042/470/745
f 1051/458/746 1066/480/746 1065/478/746 1050/471/746
f 1044/460/747 1059/481/747 1058/479/747 1043/472/747
f 1037/462/748 1052/482/748 654/483/748
f 661/484/749 1066/480/749 1051/458/749
f 1045/459/750 1060/485/750 1059/481/750 1044/460/750
f 1038/461/751 1053/486/751 1052/482/751 1037/462/751
f 1046/463/752 1061/487/752 1060/485/752 1045/459/752
f 1039/464/753 1054/488/753 1053/486/753 1038/461/753
f 1047/465/754 1062/489/754 1061/487/754 1046/463/754
f 1040/466/755 1055/490/755 1054/488/755 1039/464/755
f 1048/467/756 1063/475/756 1062/489/756 1047/465/756
f 1041/468/757 1056/477/757 1055/490/757 1040/466/757
f 1053/486/758 1068/491/758 1067/492/758 1052/482/758
f 1061/487/759 1076/493/759 1075/494/759 1060/485/759
f 1054/488/760 1069/495/760 1068/491/760 1053/486/760
f 1062/489/761 1077/496/761 1076/493/761 1061/487/761
f 1055/490/762 1070/497/762 1069/495/762 1054/488/762
f 1063/475/763 1078/498/763 1077/496/763 1062/489/763
f 1056/477/764 1071/499/764 1070/497/764 1055/490/764
f 1064/474/765 1079/500/765 1078/498/765 1063/475/765
f 1057/476/766 1072/501/766 1071/499/766 1056/477/766
f 1065/478/767 1080/502/767 1079/500/767 1064/474/767
f 1058/479/768 1073/503/768 1072/501/768 1057/476/768
f 1066/480/769 1081/504/769 1080/502/769 1065/478/769
f 1059/481/770 1074/505/770 1073/503/770 1058/479/770
f 1052/482/771 1067/492/771 654/506/771
f 661/507/772 1081/504/772 1066/480/772
f 1060/485/773 1075/494/773 1074/505/773 1059/481/773
f 1072/501/774 1087/508/774 1086/509/774 1071/499/774
f 1080/502/775 1095/510/775 1094/511/775 1079/500/775
f 1073/503/776 1088/512/776 1087/508/776 1072/501/776
f 1081/504/777 1096/513/777 1095/510/777 1080/502/777
f 1074/505/778 1089/514/778 1088/512/778 1073/503/778
f 1067/492/779 1082/515/779 654/516/779
f 661/517/780 1096/513/780 1081/504/780
f 1075/494/781 1090/518/781 1089/514/781 1074/505/781
f 1068/491/782 1083/519/782 1082/515/782 1067/492/782
f 1076/493/783 1091/520/783 1090/518/783 1075/494/783
f 1069/495/784 1084/521/784 1083/519/784 1068/491/784
f 1077/496/785 1092/522/785 1091/520/785 1076/493/785
f 1070/497/786 1085/523/786 1084/521/786 1069/495/786
f 1078/498/787 1093/524/787 1092/522/787 1077/496/787
f 1071/499/788 1086/509/788 1085/523/788 1070/497/788
f 1079/500/789 1094/511/789 1093/524/789 1078/498/789
f 1091/520/790 1106/525/790 1105/526/790 1090/518/790
f 1084/521/791 1099/527/791 1098/528/791 1083/519/791
f 1092/522/792 1107/529/792 1106/525/792 1091/520/792
f 1085/523/793 1100/530/793 1099/527/793 1084/521/793
f 1093/524/794 1108/531/794 1107/529/794 1092/522/794
f 1086/509/795 1101/532/795 1100/530/795 1085/523/795
f 1094/511/796 1109/533/796 1108/531/796 1093/524/796
f 1087/508/797 1102/534/797 1101/532/797 1086/509/797
f 1095/510/798 1110/535/798 1109/533/798 1094/511/798
f 1088/512/799 1103/536/799 1102/534/799 1087/508/799
f 1096/513/800 1111/537/800 1110/535/800 1095/510/800
f 1089/514/801 1104/538/801 1103/536/801 1088/512/801
f 1082/515/802 1097/539/802 654/540/802
f 661/541/803 1111/537/803 1096/513/803
f 1090/518/804 1105/526/804 1104/538/804 1089/514/804
f 1083/519/805 1098/528/805 1097/539/805 1082/515/805
f 1110/535/806 1125/542/806 1124/543/806 1109/533/806
f 1103/536/807 1118/544/807 1117/545/807 1102/534/807
f 1111/537/808 1126/546/808 1125/542/808 1110/535/808
f 1104/538/809 1119/547/809 1118/544/809 1103/536/809
f 1097/539/810 1112/548/810 654/549/810
f 661/550/811 1126/546/811 1111/537/811
f 1105/526/812 1120/551/812 1119/547/812 1104/538/812
f 1098/528/813 1113/552/813 1112/548/813 1097/539/813
f 1106/525/814 1121/553/814 1120/551/814 1105/526/814
f 1099/527/815 1114/554/815 1113/552/815 1098/528/815
f 1107/529/816 1122/555/816 1121/553/816 1106/525/816
f 1100/530/817 1115/556/817 1114/554/817 1099/527/817
f 1108/531/818 1123/557/818 1122/555/818 1107/529/818
f 1101/532/819 1116/558/819 1115/556/819 1100/530/819
f 1109/533/820 1124/543/820 1123/557/820 1108/531/820
f 1102/534/821 1117/545/821 1116/558/821 1101/532/821
f 1114/554/822 655/26/822 1128/22/822 1113/552/822
f 1122/555/823 660/28/823 1131/24/823 1121/553/823
f 1115/556/824 1129/30/824 655/26/824 1114/554/824
f 1123/557/825 1132/32/825 660/28/825 1122/555/825
f 1116/558/826 656/5/826 1129/30/826 1115/556/826
f 1124/543/827 1133/9/827 1132/32/827 1123/557/827
f 1117/545/828 1130/2/828 656/5/828 1116/558/828
f 1125/542/829 1134/6/829 1133/9/829 1124/543/829
f 1118/544/830 657/10/830 1130/2/830 1117/545/830
f 1126/546/831 1135/12/831 1134/6/831 1125/542/831
f 1119/547/832 658/14/832 657/10/832 1118/544/832
f 1112/548/833 1127/16/833 654/559/833
f 661/560/834 1135/12/834 1126/546/834
f 1120/551/835 659/20/835 658/14/835 1119/547/835
f 1113/552/836 1128/22/836 1127/16/836 1112/548/836
f 1121/553/837 1131/24/837 659/20/837 1120/551/837
s 0
f 224/1/838 223/1/839 222/1/840 221/1/841 220/1/842 219/1/843 218/1/844 217/1/845 216/1/846 215/1/847 214/1/848 213/1/849 212/1/850 211/1/851 210/1/852 209/1/853 208/1/854 207/1/855 206/1/856 205/1/857 204/1/858 203/1/859 202/1/860 201/1/861 200/1/862 199/1/863 198/1/864 197/1/865 196/1/866 195/1/867 194/1/868 193/1/869
